time,value
1990-01-01,1
1990-01-02,2
1990-01-03,3
1990-01-04,4
1990-01-05,5
1990-01-06,6
1990-01-07,7
1990-01-08,8
1990-01-09,9
1990-01-10,10
1990-01-11,11
1990-01-12,12
1990-01-13,13
1990-01-14,14
1990-01-15,15
1990-01-16,16
1990-01-17,17
1990-01-18,18
1990-01-19,19
1990-01-20,20
1990-01-21,21
1990-01-22,22
1990-01-23,23
1990-01-24,24
1990-01-25,25
1990-01-26,26
1990-01-27,27
1990-01-28,28
1990-01-29,29
1990-01-30,30
1990-01-31,31
1990-02-01,32
1990-02-02,33
1990-02-03,34
1990-02-04,35
1990-02-05,36
1990-02-06,37
1990-02-07,38
1990-02-08,39
1990-02-09,40
1990-02-10,41
1990-02-11,42
1990-02-12,43
1990-02-13,44
1990-02-14,45
1990-02-15,46
1990-02-16,47
1990-02-17,48
1990-02-18,49
1990-02-19,50
1990-02-20,51
1990-02-21,52
1990-02-22,53
1990-02-23,54
1990-02-24,55
1990-02-25,56
1990-02-26,57
1990-02-27,58
1990-02-28,59
1990-03-01,60
1990-03-02,61
1990-03-03,62
1990-03-04,63
1990-03-05,64
1990-03-06,65
1990-03-07,66
1990-03-08,67
1990-03-09,68
1990-03-10,69
1990-03-11,70
1990-03-12,71
1990-03-13,72
1990-03-14,73
1990-03-15,74
1990-03-16,75
1990-03-17,76
1990-03-18,77
1990-03-19,78
1990-03-20,79
1990-03-21,80
1990-03-22,81
1990-03-23,82
1990-03-24,83
1990-03-25,84
1990-03-26,85
1990-03-27,86
1990-03-28,87
1990-03-29,88
1990-03-30,89
1990-03-31,90
1990-04-01,91
1990-04-02,92
1990-04-03,93
1990-04-04,94
1990-04-05,95
1990-04-06,96
1990-04-07,97
1990-04-08,98
1990-04-09,99
1990-04-10,100
1990-04-11,101
1990-04-12,102
1990-04-13,103
1990-04-14,104
1990-04-15,105
1990-04-16,106
1990-04-17,107
1990-04-18,108
1990-04-19,109
1990-04-20,110
1990-04-21,111
1990-04-22,112
1990-04-23,113
1990-04-24,114
1990-04-25,115
1990-04-26,116
1990-04-27,117
1990-04-28,118
1990-04-29,119
1990-04-30,120
1990-05-01,121
1990-05-02,122
1990-05-03,123
1990-05-04,124
1990-05-05,125
1990-05-06,126
1990-05-07,127
1990-05-08,128
1990-05-09,129
1990-05-10,130
1990-05-11,131
1990-05-12,132
1990-05-13,133
1990-05-14,134
1990-05-15,135
1990-05-16,136
1990-05-17,137
1990-05-18,138
1990-05-19,139
1990-05-20,140
1990-05-21,141
1990-05-22,142
1990-05-23,143
1990-05-24,144
1990-05-25,145
1990-05-26,146
1990-05-27,147
1990-05-28,148
1990-05-29,149
1990-05-30,150
1990-05-31,151
1990-06-01,152
1990-06-02,153
1990-06-03,154
1990-06-04,155
1990-06-05,156
1990-06-06,157
1990-06-07,158
1990-06-08,159
1990-06-09,160
1990-06-10,161
1990-06-11,162
1990-06-12,163
1990-06-13,164
1990-06-14,165
1990-06-15,166
1990-06-16,167
1990-06-17,168
1990-06-18,169
1990-06-19,170
1990-06-20,171
1990-06-21,172
1990-06-22,173
1990-06-23,174
1990-06-24,175
1990-06-25,176
1990-06-26,177
1990-06-27,178
1990-06-28,179
1990-06-29,180
1990-06-30,181
1990-07-01,182
1990-07-02,183
1990-07-03,184
1990-07-04,185
1990-07-05,186
1990-07-06,187
1990-07-07,188
1990-07-08,189
1990-07-09,190
1990-07-10,191
1990-07-11,192
1990-07-12,193
1990-07-13,194
1990-07-14,195
1990-07-15,196
1990-07-16,197
1990-07-17,198
1990-07-18,199
1990-07-19,200
1990-07-20,201
1990-07-21,202
1990-07-22,203
1990-07-23,204
1990-07-24,205
1990-07-25,206
1990-07-26,207
1990-07-27,208
1990-07-28,209
1990-07-29,210
1990-07-30,211
1990-07-31,212
1990-08-01,213
1990-08-02,214
1990-08-03,215
1990-08-04,216
1990-08-05,217
1990-08-06,218
1990-08-07,219
1990-08-08,220
1990-08-09,221
1990-08-10,222
1990-08-11,223
1990-08-12,224
1990-08-13,225
1990-08-14,226
1990-08-15,227
1990-08-16,228
1990-08-17,229
1990-08-18,230
1990-08-19,231
1990-08-20,232
1990-08-21,233
1990-08-22,234
1990-08-23,235
1990-08-24,236
1990-08-25,237
1990-08-26,238
1990-08-27,239
1990-08-28,240
1990-08-29,241
1990-08-30,242
1990-08-31,243
1990-09-01,244
1990-09-02,245
1990-09-03,246
1990-09-04,247
1990-09-05,248
1990-09-06,249
1990-09-07,250
1990-09-08,251
1990-09-09,252
1990-09-10,253
1990-09-11,254
1990-09-12,255
1990-09-13,256
1990-09-14,257
1990-09-15,258
1990-09-16,259
1990-09-17,260
1990-09-18,261
1990-09-19,262
1990-09-20,263
1990-09-21,264
1990-09-22,265
1990-09-23,266
1990-09-24,267
1990-09-25,268
1990-09-26,269
1990-09-27,270
1990-09-28,271
1990-09-29,272
1990-09-30,273
1990-10-01,274
1990-10-02,275
1990-10-03,276
1990-10-04,277
1990-10-05,278
1990-10-06,279
1990-10-07,280
1990-10-08,281
1990-10-09,282
1990-10-10,283
1990-10-11,284
1990-10-12,285
1990-10-13,286
1990-10-14,287
1990-10-15,288
1990-10-16,289
1990-10-17,290
1990-10-18,291
1990-10-19,292
1990-10-20,293
1990-10-21,294
1990-10-22,295
1990-10-23,296
1990-10-24,297
1990-10-25,298
1990-10-26,299
1990-10-27,300
1990-10-28,301
1990-10-29,302
1990-10-30,303
1990-10-31,304
1990-11-01,305
1990-11-02,306
1990-11-03,307
1990-11-04,308
1990-11-05,309
1990-11-06,310
1990-11-07,311
1990-11-08,312
1990-11-09,313
1990-11-10,314
1990-11-11,315
1990-11-12,316
1990-11-13,317
1990-11-14,318
1990-11-15,319
1990-11-16,320
1990-11-17,321
1990-11-18,322
1990-11-19,323
1990-11-20,324
1990-11-21,325
1990-11-22,326
1990-11-23,327
1990-11-24,328
1990-11-25,329
1990-11-26,330
1990-11-27,331
1990-11-28,332
1990-11-29,333
1990-11-30,334
1990-12-01,335
1990-12-02,336
1990-12-03,337
1990-12-04,338
1990-12-05,339
1990-12-06,340
1990-12-07,341
1990-12-08,342
1990-12-09,343
1990-12-10,344
1990-12-11,345
1990-12-12,346
1990-12-13,347
1990-12-14,348
1990-12-15,349
1990-12-16,350
1990-12-17,351
1990-12-18,352
1990-12-19,353
1990-12-20,354
1990-12-21,355
1990-12-22,356
1990-12-23,357
1990-12-24,358
1990-12-25,359
1990-12-26,360
1990-12-27,361
1990-12-28,362
1990-12-29,363
1990-12-30,364
1990-12-31,365
1991-01-01,366
1991-01-02,367
1991-01-03,368
1991-01-04,369
1991-01-05,370
1991-01-06,371
1991-01-07,372
1991-01-08,373
1991-01-09,374
1991-01-10,375
1991-01-11,376
1991-01-12,377
1991-01-13,378
1991-01-14,379
1991-01-15,380
1991-01-16,381
1991-01-17,382
1991-01-18,383
1991-01-19,384
1991-01-20,385
1991-01-21,386
1991-01-22,387
1991-01-23,388
1991-01-24,389
1991-01-25,390
1991-01-26,391
1991-01-27,392
1991-01-28,393
1991-01-29,394
1991-01-30,395
1991-01-31,396
1991-02-01,397
1991-02-02,398
1991-02-03,399
1991-02-04,400
1991-02-05,401
1991-02-06,402
1991-02-07,403
1991-02-08,404
1991-02-09,405
1991-02-10,406
1991-02-11,407
1991-02-12,408
1991-02-13,409
1991-02-14,410
1991-02-15,411
1991-02-16,412
1991-02-17,413
1991-02-18,414
1991-02-19,415
1991-02-20,416
1991-02-21,417
1991-02-22,418
1991-02-23,419
1991-02-24,420
1991-02-25,421
1991-02-26,422
1991-02-27,423
1991-02-28,424
1991-03-01,425
1991-03-02,426
1991-03-03,427
1991-03-04,428
1991-03-05,429
1991-03-06,430
1991-03-07,431
1991-03-08,432
1991-03-09,433
1991-03-10,434
1991-03-11,435
1991-03-12,436
1991-03-13,437
1991-03-14,438
1991-03-15,439
1991-03-16,440
1991-03-17,441
1991-03-18,442
1991-03-19,443
1991-03-20,444
1991-03-21,445
1991-03-22,446
1991-03-23,447
1991-03-24,448
1991-03-25,449
1991-03-26,450
1991-03-27,451
1991-03-28,452
1991-03-29,453
1991-03-30,454
1991-03-31,455
1991-04-01,456
1991-04-02,457
1991-04-03,458
1991-04-04,459
1991-04-05,460
1991-04-06,461
1991-04-07,462
1991-04-08,463
1991-04-09,464
1991-04-10,465
1991-04-11,466
1991-04-12,467
1991-04-13,468
1991-04-14,469
1991-04-15,470
1991-04-16,471
1991-04-17,472
1991-04-18,473
1991-04-19,474
1991-04-20,475
1991-04-21,476
1991-04-22,477
1991-04-23,478
1991-04-24,479
1991-04-25,480
1991-04-26,481
1991-04-27,482
1991-04-28,483
1991-04-29,484
1991-04-30,485
1991-05-01,486
1991-05-02,487
1991-05-03,488
1991-05-04,489
1991-05-05,490
1991-05-06,491
1991-05-07,492
1991-05-08,493
1991-05-09,494
1991-05-10,495
1991-05-11,496
1991-05-12,497
1991-05-13,498
1991-05-14,499
1991-05-15,500
1991-05-16,501
1991-05-17,502
1991-05-18,503
1991-05-19,504
1991-05-20,505
1991-05-21,506
1991-05-22,507
1991-05-23,508
1991-05-24,509
1991-05-25,510
1991-05-26,511
1991-05-27,512
1991-05-28,513
1991-05-29,514
1991-05-30,515
1991-05-31,516
1991-06-01,517
1991-06-02,518
1991-06-03,519
1991-06-04,520
1991-06-05,521
1991-06-06,522
1991-06-07,523
1991-06-08,524
1991-06-09,525
1991-06-10,526
1991-06-11,527
1991-06-12,528
1991-06-13,529
1991-06-14,530
1991-06-15,531
1991-06-16,532
1991-06-17,533
1991-06-18,534
1991-06-19,535
1991-06-20,536
1991-06-21,537
1991-06-22,538
1991-06-23,539
1991-06-24,540
1991-06-25,541
1991-06-26,542
1991-06-27,543
1991-06-28,544
1991-06-29,545
1991-06-30,546
1991-07-01,547
1991-07-02,548
1991-07-03,549
1991-07-04,550
1991-07-05,551
1991-07-06,552
1991-07-07,553
1991-07-08,554
1991-07-09,555
1991-07-10,556
1991-07-11,557
1991-07-12,558
1991-07-13,559
1991-07-14,560
1991-07-15,561
1991-07-16,562
1991-07-17,563
1991-07-18,564
1991-07-19,565
1991-07-20,566
1991-07-21,567
1991-07-22,568
1991-07-23,569
1991-07-24,570
1991-07-25,571
1991-07-26,572
1991-07-27,573
1991-07-28,574
1991-07-29,575
1991-07-30,576
1991-07-31,577
1991-08-01,578
1991-08-02,579
1991-08-03,580
1991-08-04,581
1991-08-05,582
1991-08-06,583
1991-08-07,584
1991-08-08,585
1991-08-09,586
1991-08-10,587
1991-08-11,588
1991-08-12,589
1991-08-13,590
1991-08-14,591
1991-08-15,592
1991-08-16,593
1991-08-17,594
1991-08-18,595
1991-08-19,596
1991-08-20,597
1991-08-21,598
1991-08-22,599
1991-08-23,600
1991-08-24,601
1991-08-25,602
1991-08-26,603
1991-08-27,604
1991-08-28,605
1991-08-29,606
1991-08-30,607
1991-08-31,608
1991-09-01,609
1991-09-02,610
1991-09-03,611
1991-09-04,612
1991-09-05,613
1991-09-06,614
1991-09-07,615
1991-09-08,616
1991-09-09,617
1991-09-10,618
1991-09-11,619
1991-09-12,620
1991-09-13,621
1991-09-14,622
1991-09-15,623
1991-09-16,624
1991-09-17,625
1991-09-18,626
1991-09-19,627
1991-09-20,628
1991-09-21,629
1991-09-22,630
1991-09-23,631
1991-09-24,632
1991-09-25,633
1991-09-26,634
1991-09-27,635
1991-09-28,636
1991-09-29,637
1991-09-30,638
1991-10-01,639
1991-10-02,640
1991-10-03,641
1991-10-04,642
1991-10-05,643
1991-10-06,644
1991-10-07,645
1991-10-08,646
1991-10-09,647
1991-10-10,648
1991-10-11,649
1991-10-12,650
1991-10-13,651
1991-10-14,652
1991-10-15,653
1991-10-16,654
1991-10-17,655
1991-10-18,656
1991-10-19,657
1991-10-20,658
1991-10-21,659
1991-10-22,660
1991-10-23,661
1991-10-24,662
1991-10-25,663
1991-10-26,664
1991-10-27,665
1991-10-28,666
1991-10-29,667
1991-10-30,668
1991-10-31,669
1991-11-01,670
1991-11-02,671
1991-11-03,672
1991-11-04,673
1991-11-05,674
1991-11-06,675
1991-11-07,676
1991-11-08,677
1991-11-09,678
1991-11-10,679
1991-11-11,680
1991-11-12,681
1991-11-13,682
1991-11-14,683
1991-11-15,684
1991-11-16,685
1991-11-17,686
1991-11-18,687
1991-11-19,688
1991-11-20,689
1991-11-21,690
1991-11-22,691
1991-11-23,692
1991-11-24,693
1991-11-25,694
1991-11-26,695
1991-11-27,696
1991-11-28,697
1991-11-29,698
1991-11-30,699
1991-12-01,700
1991-12-02,701
1991-12-03,702
1991-12-04,703
1991-12-05,704
1991-12-06,705
1991-12-07,706
1991-12-08,707
1991-12-09,708
1991-12-10,709
1991-12-11,710
1991-12-12,711
1991-12-13,712
1991-12-14,713
1991-12-15,714
1991-12-16,715
1991-12-17,716
1991-12-18,717
1991-12-19,718
1991-12-20,719
1991-12-21,720
1991-12-22,721
1991-12-23,722
1991-12-24,723
1991-12-25,724
1991-12-26,725
1991-12-27,726
1991-12-28,727
1991-12-29,728
1991-12-30,729
1991-12-31,730
1992-01-01,731
1992-01-02,732
1992-01-03,733
1992-01-04,734
1992-01-05,735
1992-01-06,736
1992-01-07,737
1992-01-08,738
1992-01-09,739
1992-01-10,740
1992-01-11,741
1992-01-12,742
1992-01-13,743
1992-01-14,744
1992-01-15,745
1992-01-16,746
1992-01-17,747
1992-01-18,748
1992-01-19,749
1992-01-20,750
1992-01-21,751
1992-01-22,752
1992-01-23,753
1992-01-24,754
1992-01-25,755
1992-01-26,756
1992-01-27,757
1992-01-28,758
1992-01-29,759
1992-01-30,760
1992-01-31,761
1992-02-01,762
1992-02-02,763
1992-02-03,764
1992-02-04,765
1992-02-05,766
1992-02-06,767
1992-02-07,768
1992-02-08,769
1992-02-09,770
1992-02-10,771
1992-02-11,772
1992-02-12,773
1992-02-13,774
1992-02-14,775
1992-02-15,776
1992-02-16,777
1992-02-17,778
1992-02-18,779
1992-02-19,780
1992-02-20,781
1992-02-21,782
1992-02-22,783
1992-02-23,784
1992-02-24,785
1992-02-25,786
1992-02-26,787
1992-02-27,788
1992-02-28,789
1992-02-29,790
1992-03-01,791
1992-03-02,792
1992-03-03,793
1992-03-04,794
1992-03-05,795
1992-03-06,796
1992-03-07,797
1992-03-08,798
1992-03-09,799
1992-03-10,800
1992-03-11,801
1992-03-12,802
1992-03-13,803
1992-03-14,804
1992-03-15,805
1992-03-16,806
1992-03-17,807
1992-03-18,808
1992-03-19,809
1992-03-20,810
1992-03-21,811
1992-03-22,812
1992-03-23,813
1992-03-24,814
1992-03-25,815
1992-03-26,816
1992-03-27,817
1992-03-28,818
1992-03-29,819
1992-03-30,820
1992-03-31,821
1992-04-01,822
1992-04-02,823
1992-04-03,824
1992-04-04,825
1992-04-05,826
1992-04-06,827
1992-04-07,828
1992-04-08,829
1992-04-09,830
1992-04-10,831
1992-04-11,832
1992-04-12,833
1992-04-13,834
1992-04-14,835
1992-04-15,836
1992-04-16,837
1992-04-17,838
1992-04-18,839
1992-04-19,840
1992-04-20,841
1992-04-21,842
1992-04-22,843
1992-04-23,844
1992-04-24,845
1992-04-25,846
1992-04-26,847
1992-04-27,848
1992-04-28,849
1992-04-29,850
1992-04-30,851
1992-05-01,852
1992-05-02,853
1992-05-03,854
1992-05-04,855
1992-05-05,856
1992-05-06,857
1992-05-07,858
1992-05-08,859
1992-05-09,860
1992-05-10,861
1992-05-11,862
1992-05-12,863
1992-05-13,864
1992-05-14,865
1992-05-15,866
1992-05-16,867
1992-05-17,868
1992-05-18,869
1992-05-19,870
1992-05-20,871
1992-05-21,872
1992-05-22,873
1992-05-23,874
1992-05-24,875
1992-05-25,876
1992-05-26,877
1992-05-27,878
1992-05-28,879
1992-05-29,880
1992-05-30,881
1992-05-31,882
1992-06-01,883
1992-06-02,884
1992-06-03,885
1992-06-04,886
1992-06-05,887
1992-06-06,888
1992-06-07,889
1992-06-08,890
1992-06-09,891
1992-06-10,892
1992-06-11,893
1992-06-12,894
1992-06-13,895
1992-06-14,896
1992-06-15,897
1992-06-16,898
1992-06-17,899
1992-06-18,900
1992-06-19,901
1992-06-20,902
1992-06-21,903
1992-06-22,904
1992-06-23,905
1992-06-24,906
1992-06-25,907
1992-06-26,908
1992-06-27,909
1992-06-28,910
1992-06-29,911
1992-06-30,912
1992-07-01,913
1992-07-02,914
1992-07-03,915
1992-07-04,916
1992-07-05,917
1992-07-06,918
1992-07-07,919
1992-07-08,920
1992-07-09,921
1992-07-10,922
1992-07-11,923
1992-07-12,924
1992-07-13,925
1992-07-14,926
1992-07-15,927
1992-07-16,928
1992-07-17,929
1992-07-18,930
1992-07-19,931
1992-07-20,932
1992-07-21,933
1992-07-22,934
1992-07-23,935
1992-07-24,936
1992-07-25,937
1992-07-26,938
1992-07-27,939
1992-07-28,940
1992-07-29,941
1992-07-30,942
1992-07-31,943
1992-08-01,944
1992-08-02,945
1992-08-03,946
1992-08-04,947
1992-08-05,948
1992-08-06,949
1992-08-07,950
1992-08-08,951
1992-08-09,952
1992-08-10,953
1992-08-11,954
1992-08-12,955
1992-08-13,956
1992-08-14,957
1992-08-15,958
1992-08-16,959
1992-08-17,960
1992-08-18,961
1992-08-19,962
1992-08-20,963
1992-08-21,964
1992-08-22,965
1992-08-23,966
1992-08-24,967
1992-08-25,968
1992-08-26,969
1992-08-27,970
1992-08-28,971
1992-08-29,972
1992-08-30,973
1992-08-31,974
1992-09-01,975
1992-09-02,976
1992-09-03,977
1992-09-04,978
1992-09-05,979
1992-09-06,980
1992-09-07,981
1992-09-08,982
1992-09-09,983
1992-09-10,984
1992-09-11,985
1992-09-12,986
1992-09-13,987
1992-09-14,988
1992-09-15,989
1992-09-16,990
1992-09-17,991
1992-09-18,992
1992-09-19,993
1992-09-20,994
1992-09-21,995
1992-09-22,996
1992-09-23,997
1992-09-24,998
1992-09-25,999
1992-09-26,1000
1992-09-27,1001
1992-09-28,1002
1992-09-29,1003
1992-09-30,1004
1992-10-01,1005
1992-10-02,1006
1992-10-03,1007
1992-10-04,1008
1992-10-05,1009
1992-10-06,1010
1992-10-07,1011
1992-10-08,1012
1992-10-09,1013
1992-10-10,1014
1992-10-11,1015
1992-10-12,1016
1992-10-13,1017
1992-10-14,1018
1992-10-15,1019
1992-10-16,1020
1992-10-17,1021
1992-10-18,1022
1992-10-19,1023
1992-10-20,1024
1992-10-21,1025
1992-10-22,1026
1992-10-23,1027
1992-10-24,1028
1992-10-25,1029
1992-10-26,1030
1992-10-27,1031
1992-10-28,1032
1992-10-29,1033
1992-10-30,1034
1992-10-31,1035
1992-11-01,1036
1992-11-02,1037
1992-11-03,1038
1992-11-04,1039
1992-11-05,1040
1992-11-06,1041
1992-11-07,1042
1992-11-08,1043
1992-11-09,1044
1992-11-10,1045
1992-11-11,1046
1992-11-12,1047
1992-11-13,1048
1992-11-14,1049
1992-11-15,1050
1992-11-16,1051
1992-11-17,1052
1992-11-18,1053
1992-11-19,1054
1992-11-20,1055
1992-11-21,1056
1992-11-22,1057
1992-11-23,1058
1992-11-24,1059
1992-11-25,1060
1992-11-26,1061
1992-11-27,1062
1992-11-28,1063
1992-11-29,1064
1992-11-30,1065
1992-12-01,1066
1992-12-02,1067
1992-12-03,1068
1992-12-04,1069
1992-12-05,1070
1992-12-06,1071
1992-12-07,1072
1992-12-08,1073
1992-12-09,1074
1992-12-10,1075
1992-12-11,1076
1992-12-12,1077
1992-12-13,1078
1992-12-14,1079
1992-12-15,1080
1992-12-16,1081
1992-12-17,1082
1992-12-18,1083
1992-12-19,1084
1992-12-20,1085
1992-12-21,1086
1992-12-22,1087
1992-12-23,1088
1992-12-24,1089
1992-12-25,1090
1992-12-26,1091
1992-12-27,1092
1992-12-28,1093
1992-12-29,1094
1992-12-30,1095
1992-12-31,1096
1993-01-01,1097
1993-01-02,1098
1993-01-03,1099
1993-01-04,1100
1993-01-05,1101
1993-01-06,1102
1993-01-07,1103
1993-01-08,1104
1993-01-09,1105
1993-01-10,1106
1993-01-11,1107
1993-01-12,1108
1993-01-13,1109
1993-01-14,1110
1993-01-15,1111
1993-01-16,1112
1993-01-17,1113
1993-01-18,1114
1993-01-19,1115
1993-01-20,1116
1993-01-21,1117
1993-01-22,1118
1993-01-23,1119
1993-01-24,1120
1993-01-25,1121
1993-01-26,1122
1993-01-27,1123
1993-01-28,1124
1993-01-29,1125
1993-01-30,1126
1993-01-31,1127
1993-02-01,1128
1993-02-02,1129
1993-02-03,1130
1993-02-04,1131
1993-02-05,1132
1993-02-06,1133
1993-02-07,1134
1993-02-08,1135
1993-02-09,1136
1993-02-10,1137
1993-02-11,1138
1993-02-12,1139
1993-02-13,1140
1993-02-14,1141
1993-02-15,1142
1993-02-16,1143
1993-02-17,1144
1993-02-18,1145
1993-02-19,1146
1993-02-20,1147
1993-02-21,1148
1993-02-22,1149
1993-02-23,1150
1993-02-24,1151
1993-02-25,1152
1993-02-26,1153
1993-02-27,1154
1993-02-28,1155
1993-03-01,1156
1993-03-02,1157
1993-03-03,1158
1993-03-04,1159
1993-03-05,1160
1993-03-06,1161
1993-03-07,1162
1993-03-08,1163
1993-03-09,1164
1993-03-10,1165
1993-03-11,1166
1993-03-12,1167
1993-03-13,1168
1993-03-14,1169
1993-03-15,1170
1993-03-16,1171
1993-03-17,1172
1993-03-18,1173
1993-03-19,1174
1993-03-20,1175
1993-03-21,1176
1993-03-22,1177
1993-03-23,1178
1993-03-24,1179
1993-03-25,1180
1993-03-26,1181
1993-03-27,1182
1993-03-28,1183
1993-03-29,1184
1993-03-30,1185
1993-03-31,1186
1993-04-01,1187
1993-04-02,1188
1993-04-03,1189
1993-04-04,1190
1993-04-05,1191
1993-04-06,1192
1993-04-07,1193
1993-04-08,1194
1993-04-09,1195
1993-04-10,1196
1993-04-11,1197
1993-04-12,1198
1993-04-13,1199
1993-04-14,1200
1993-04-15,1201
1993-04-16,1202
1993-04-17,1203
1993-04-18,1204
1993-04-19,1205
1993-04-20,1206
1993-04-21,1207
1993-04-22,1208
1993-04-23,1209
1993-04-24,1210
1993-04-25,1211
1993-04-26,1212
1993-04-27,1213
1993-04-28,1214
1993-04-29,1215
1993-04-30,1216
1993-05-01,1217
1993-05-02,1218
1993-05-03,1219
1993-05-04,1220
1993-05-05,1221
1993-05-06,1222
1993-05-07,1223
1993-05-08,1224
1993-05-09,1225
1993-05-10,1226
1993-05-11,1227
1993-05-12,1228
1993-05-13,1229
1993-05-14,1230
1993-05-15,1231
1993-05-16,1232
1993-05-17,1233
1993-05-18,1234
1993-05-19,1235
1993-05-20,1236
1993-05-21,1237
1993-05-22,1238
1993-05-23,1239
1993-05-24,1240
1993-05-25,1241
1993-05-26,1242
1993-05-27,1243
1993-05-28,1244
1993-05-29,1245
1993-05-30,1246
1993-05-31,1247
1993-06-01,1248
1993-06-02,1249
1993-06-03,1250
1993-06-04,1251
1993-06-05,1252
1993-06-06,1253
1993-06-07,1254
1993-06-08,1255
1993-06-09,1256
1993-06-10,1257
1993-06-11,1258
1993-06-12,1259
1993-06-13,1260
1993-06-14,1261
1993-06-15,1262
1993-06-16,1263
1993-06-17,1264
1993-06-18,1265
1993-06-19,1266
1993-06-20,1267
1993-06-21,1268
1993-06-22,1269
1993-06-23,1270
1993-06-24,1271
1993-06-25,1272
1993-06-26,1273
1993-06-27,1274
1993-06-28,1275
1993-06-29,1276
1993-06-30,1277
1993-07-01,1278
1993-07-02,1279
1993-07-03,1280
1993-07-04,1281
1993-07-05,1282
1993-07-06,1283
1993-07-07,1284
1993-07-08,1285
1993-07-09,1286
1993-07-10,1287
1993-07-11,1288
1993-07-12,1289
1993-07-13,1290
1993-07-14,1291
1993-07-15,1292
1993-07-16,1293
1993-07-17,1294
1993-07-18,1295
1993-07-19,1296
1993-07-20,1297
1993-07-21,1298
1993-07-22,1299
1993-07-23,1300
1993-07-24,1301
1993-07-25,1302
1993-07-26,1303
1993-07-27,1304
1993-07-28,1305
1993-07-29,1306
1993-07-30,1307
1993-07-31,1308
1993-08-01,1309
1993-08-02,1310
1993-08-03,1311
1993-08-04,1312
1993-08-05,1313
1993-08-06,1314
1993-08-07,1315
1993-08-08,1316
1993-08-09,1317
1993-08-10,1318
1993-08-11,1319
1993-08-12,1320
1993-08-13,1321
1993-08-14,1322
1993-08-15,1323
1993-08-16,1324
1993-08-17,1325
1993-08-18,1326
1993-08-19,1327
1993-08-20,1328
1993-08-21,1329
1993-08-22,1330
1993-08-23,1331
1993-08-24,1332
1993-08-25,1333
1993-08-26,1334
1993-08-27,1335
1993-08-28,1336
1993-08-29,1337
1993-08-30,1338
1993-08-31,1339
1993-09-01,1340
1993-09-02,1341
1993-09-03,1342
1993-09-04,1343
1993-09-05,1344
1993-09-06,1345
1993-09-07,1346
1993-09-08,1347
1993-09-09,1348
1993-09-10,1349
1993-09-11,1350
1993-09-12,1351
1993-09-13,1352
1993-09-14,1353
1993-09-15,1354
1993-09-16,1355
1993-09-17,1356
1993-09-18,1357
1993-09-19,1358
1993-09-20,1359
1993-09-21,1360
1993-09-22,1361
1993-09-23,1362
1993-09-24,1363
1993-09-25,1364
1993-09-26,1365
1993-09-27,1366
1993-09-28,1367
1993-09-29,1368
1993-09-30,1369
1993-10-01,1370
1993-10-02,1371
1993-10-03,1372
1993-10-04,1373
1993-10-05,1374
1993-10-06,1375
1993-10-07,1376
1993-10-08,1377
1993-10-09,1378
1993-10-10,1379
1993-10-11,1380
1993-10-12,1381
1993-10-13,1382
1993-10-14,1383
1993-10-15,1384
1993-10-16,1385
1993-10-17,1386
1993-10-18,1387
1993-10-19,1388
1993-10-20,1389
1993-10-21,1390
1993-10-22,1391
1993-10-23,1392
1993-10-24,1393
1993-10-25,1394
1993-10-26,1395
1993-10-27,1396
1993-10-28,1397
1993-10-29,1398
1993-10-30,1399
1993-10-31,1400
1993-11-01,1401
1993-11-02,1402
1993-11-03,1403
1993-11-04,1404
1993-11-05,1405
1993-11-06,1406
1993-11-07,1407
1993-11-08,1408
1993-11-09,1409
1993-11-10,1410
1993-11-11,1411
1993-11-12,1412
1993-11-13,1413
1993-11-14,1414
1993-11-15,1415
1993-11-16,1416
1993-11-17,1417
1993-11-18,1418
1993-11-19,1419
1993-11-20,1420
1993-11-21,1421
1993-11-22,1422
1993-11-23,1423
1993-11-24,1424
1993-11-25,1425
1993-11-26,1426
1993-11-27,1427
1993-11-28,1428
1993-11-29,1429
1993-11-30,1430
1993-12-01,1431
1993-12-02,1432
1993-12-03,1433
1993-12-04,1434
1993-12-05,1435
1993-12-06,1436
1993-12-07,1437
1993-12-08,1438
1993-12-09,1439
1993-12-10,1440
1993-12-11,1441
1993-12-12,1442
1993-12-13,1443
1993-12-14,1444
1993-12-15,1445
1993-12-16,1446
1993-12-17,1447
1993-12-18,1448
1993-12-19,1449
1993-12-20,1450
1993-12-21,1451
1993-12-22,1452
1993-12-23,1453
1993-12-24,1454
1993-12-25,1455
1993-12-26,1456
1993-12-27,1457
1993-12-28,1458
1993-12-29,1459
1993-12-30,1460
1993-12-31,1461
1994-01-01,1462
1994-01-02,1463
1994-01-03,1464
1994-01-04,1465
1994-01-05,1466
1994-01-06,1467
1994-01-07,1468
1994-01-08,1469
1994-01-09,1470
1994-01-10,1471
1994-01-11,1472
1994-01-12,1473
1994-01-13,1474
1994-01-14,1475
1994-01-15,1476
1994-01-16,1477
1994-01-17,1478
1994-01-18,1479
1994-01-19,1480
1994-01-20,1481
1994-01-21,1482
1994-01-22,1483
1994-01-23,1484
1994-01-24,1485
1994-01-25,1486
1994-01-26,1487
1994-01-27,1488
1994-01-28,1489
1994-01-29,1490
1994-01-30,1491
1994-01-31,1492
1994-02-01,1493
1994-02-02,1494
1994-02-03,1495
1994-02-04,1496
1994-02-05,1497
1994-02-06,1498
1994-02-07,1499
1994-02-08,1500
1994-02-09,1501
1994-02-10,1502
1994-02-11,1503
1994-02-12,1504
1994-02-13,1505
1994-02-14,1506
1994-02-15,1507
1994-02-16,1508
1994-02-17,1509
1994-02-18,1510
1994-02-19,1511
1994-02-20,1512
1994-02-21,1513
1994-02-22,1514
1994-02-23,1515
1994-02-24,1516
1994-02-25,1517
1994-02-26,1518
1994-02-27,1519
1994-02-28,1520
1994-03-01,1521
1994-03-02,1522
1994-03-03,1523
1994-03-04,1524
1994-03-05,1525
1994-03-06,1526
1994-03-07,1527
1994-03-08,1528
1994-03-09,1529
1994-03-10,1530
1994-03-11,1531
1994-03-12,1532
1994-03-13,1533
1994-03-14,1534
1994-03-15,1535
1994-03-16,1536
1994-03-17,1537
1994-03-18,1538
1994-03-19,1539
1994-03-20,1540
1994-03-21,1541
1994-03-22,1542
1994-03-23,1543
1994-03-24,1544
1994-03-25,1545
1994-03-26,1546
1994-03-27,1547
1994-03-28,1548
1994-03-29,1549
1994-03-30,1550
1994-03-31,1551
1994-04-01,1552
1994-04-02,1553
1994-04-03,1554
1994-04-04,1555
1994-04-05,1556
1994-04-06,1557
1994-04-07,1558
1994-04-08,1559
1994-04-09,1560
1994-04-10,1561
1994-04-11,1562
1994-04-12,1563
1994-04-13,1564
1994-04-14,1565
1994-04-15,1566
1994-04-16,1567
1994-04-17,1568
1994-04-18,1569
1994-04-19,1570
1994-04-20,1571
1994-04-21,1572
1994-04-22,1573
1994-04-23,1574
1994-04-24,1575
1994-04-25,1576
1994-04-26,1577
1994-04-27,1578
1994-04-28,1579
1994-04-29,1580
1994-04-30,1581
1994-05-01,1582
1994-05-02,1583
1994-05-03,1584
1994-05-04,1585
1994-05-05,1586
1994-05-06,1587
1994-05-07,1588
1994-05-08,1589
1994-05-09,1590
1994-05-10,1591
1994-05-11,1592
1994-05-12,1593
1994-05-13,1594
1994-05-14,1595
1994-05-15,1596
1994-05-16,1597
1994-05-17,1598
1994-05-18,1599
1994-05-19,1600
1994-05-20,1601
1994-05-21,1602
1994-05-22,1603
1994-05-23,1604
1994-05-24,1605
1994-05-25,1606
1994-05-26,1607
1994-05-27,1608
1994-05-28,1609
1994-05-29,1610
1994-05-30,1611
1994-05-31,1612
1994-06-01,1613
1994-06-02,1614
1994-06-03,1615
1994-06-04,1616
1994-06-05,1617
1994-06-06,1618
1994-06-07,1619
1994-06-08,1620
1994-06-09,1621
1994-06-10,1622
1994-06-11,1623
1994-06-12,1624
1994-06-13,1625
1994-06-14,1626
1994-06-15,1627
1994-06-16,1628
1994-06-17,1629
1994-06-18,1630
1994-06-19,1631
1994-06-20,1632
1994-06-21,1633
1994-06-22,1634
1994-06-23,1635
1994-06-24,1636
1994-06-25,1637
1994-06-26,1638
1994-06-27,1639
1994-06-28,1640
1994-06-29,1641
1994-06-30,1642
1994-07-01,1643
1994-07-02,1644
1994-07-03,1645
1994-07-04,1646
1994-07-05,1647
1994-07-06,1648
1994-07-07,1649
1994-07-08,1650
1994-07-09,1651
1994-07-10,1652
1994-07-11,1653
1994-07-12,1654
1994-07-13,1655
1994-07-14,1656
1994-07-15,1657
1994-07-16,1658
1994-07-17,1659
1994-07-18,1660
1994-07-19,1661
1994-07-20,1662
1994-07-21,1663
1994-07-22,1664
1994-07-23,1665
1994-07-24,1666
1994-07-25,1667
1994-07-26,1668
1994-07-27,1669
1994-07-28,1670
1994-07-29,1671
1994-07-30,1672
1994-07-31,1673
1994-08-01,1674
1994-08-02,1675
1994-08-03,1676
1994-08-04,1677
1994-08-05,1678
1994-08-06,1679
1994-08-07,1680
1994-08-08,1681
1994-08-09,1682
1994-08-10,1683
1994-08-11,1684
1994-08-12,1685
1994-08-13,1686
1994-08-14,1687
1994-08-15,1688
1994-08-16,1689
1994-08-17,1690
1994-08-18,1691
1994-08-19,1692
1994-08-20,1693
1994-08-21,1694
1994-08-22,1695
1994-08-23,1696
1994-08-24,1697
1994-08-25,1698
1994-08-26,1699
1994-08-27,1700
1994-08-28,1701
1994-08-29,1702
1994-08-30,1703
1994-08-31,1704
1994-09-01,1705
1994-09-02,1706
1994-09-03,1707
1994-09-04,1708
1994-09-05,1709
1994-09-06,1710
1994-09-07,1711
1994-09-08,1712
1994-09-09,1713
1994-09-10,1714
1994-09-11,1715
1994-09-12,1716
1994-09-13,1717
1994-09-14,1718
1994-09-15,1719
1994-09-16,1720
1994-09-17,1721
1994-09-18,1722
1994-09-19,1723
1994-09-20,1724
1994-09-21,1725
1994-09-22,1726
1994-09-23,1727
1994-09-24,1728
1994-09-25,1729
1994-09-26,1730
1994-09-27,1731
1994-09-28,1732
1994-09-29,1733
1994-09-30,1734
1994-10-01,1735
1994-10-02,1736
1994-10-03,1737
1994-10-04,1738
1994-10-05,1739
1994-10-06,1740
1994-10-07,1741
1994-10-08,1742
1994-10-09,1743
1994-10-10,1744
1994-10-11,1745
1994-10-12,1746
1994-10-13,1747
1994-10-14,1748
1994-10-15,1749
1994-10-16,1750
1994-10-17,1751
1994-10-18,1752
1994-10-19,1753
1994-10-20,1754
1994-10-21,1755
1994-10-22,1756
1994-10-23,1757
1994-10-24,1758
1994-10-25,1759
1994-10-26,1760
1994-10-27,1761
1994-10-28,1762
1994-10-29,1763
1994-10-30,1764
1994-10-31,1765
1994-11-01,1766
1994-11-02,1767
1994-11-03,1768
1994-11-04,1769
1994-11-05,1770
1994-11-06,1771
1994-11-07,1772
1994-11-08,1773
1994-11-09,1774
1994-11-10,1775
1994-11-11,1776
1994-11-12,1777
1994-11-13,1778
1994-11-14,1779
1994-11-15,1780
1994-11-16,1781
1994-11-17,1782
1994-11-18,1783
1994-11-19,1784
1994-11-20,1785
1994-11-21,1786
1994-11-22,1787
1994-11-23,1788
1994-11-24,1789
1994-11-25,1790
1994-11-26,1791
1994-11-27,1792
1994-11-28,1793
1994-11-29,1794
1994-11-30,1795
1994-12-01,1796
1994-12-02,1797
1994-12-03,1798
1994-12-04,1799
1994-12-05,1800
1994-12-06,1801
1994-12-07,1802
1994-12-08,1803
1994-12-09,1804
1994-12-10,1805
1994-12-11,1806
1994-12-12,1807
1994-12-13,1808
1994-12-14,1809
1994-12-15,1810
1994-12-16,1811
1994-12-17,1812
1994-12-18,1813
1994-12-19,1814
1994-12-20,1815
1994-12-21,1816
1994-12-22,1817
1994-12-23,1818
1994-12-24,1819
1994-12-25,1820
1994-12-26,1821
1994-12-27,1822
1994-12-28,1823
1994-12-29,1824
1994-12-30,1825
1994-12-31,1826
1995-01-01,1827
1995-01-02,1828
1995-01-03,1829
1995-01-04,1830
1995-01-05,1831
1995-01-06,1832
1995-01-07,1833
1995-01-08,1834
1995-01-09,1835
1995-01-10,1836
1995-01-11,1837
1995-01-12,1838
1995-01-13,1839
1995-01-14,1840
1995-01-15,1841
1995-01-16,1842
1995-01-17,1843
1995-01-18,1844
1995-01-19,1845
1995-01-20,1846
1995-01-21,1847
1995-01-22,1848
1995-01-23,1849
1995-01-24,1850
1995-01-25,1851
1995-01-26,1852
1995-01-27,1853
1995-01-28,1854
1995-01-29,1855
1995-01-30,1856
1995-01-31,1857
1995-02-01,1858
1995-02-02,1859
1995-02-03,1860
1995-02-04,1861
1995-02-05,1862
1995-02-06,1863
1995-02-07,1864
1995-02-08,1865
1995-02-09,1866
1995-02-10,1867
1995-02-11,1868
1995-02-12,1869
1995-02-13,1870
1995-02-14,1871
1995-02-15,1872
1995-02-16,1873
1995-02-17,1874
1995-02-18,1875
1995-02-19,1876
1995-02-20,1877
1995-02-21,1878
1995-02-22,1879
1995-02-23,1880
1995-02-24,1881
1995-02-25,1882
1995-02-26,1883
1995-02-27,1884
1995-02-28,1885
1995-03-01,1886
1995-03-02,1887
1995-03-03,1888
1995-03-04,1889
1995-03-05,1890
1995-03-06,1891
1995-03-07,1892
1995-03-08,1893
1995-03-09,1894
1995-03-10,1895
1995-03-11,1896
1995-03-12,1897
1995-03-13,1898
1995-03-14,1899
1995-03-15,1900
1995-03-16,1901
1995-03-17,1902
1995-03-18,1903
1995-03-19,1904
1995-03-20,1905
1995-03-21,1906
1995-03-22,1907
1995-03-23,1908
1995-03-24,1909
1995-03-25,1910
1995-03-26,1911
1995-03-27,1912
1995-03-28,1913
1995-03-29,1914
1995-03-30,1915
1995-03-31,1916
1995-04-01,1917
1995-04-02,1918
1995-04-03,1919
1995-04-04,1920
1995-04-05,1921
1995-04-06,1922
1995-04-07,1923
1995-04-08,1924
1995-04-09,1925
1995-04-10,1926
1995-04-11,1927
1995-04-12,1928
1995-04-13,1929
1995-04-14,1930
1995-04-15,1931
1995-04-16,1932
1995-04-17,1933
1995-04-18,1934
1995-04-19,1935
1995-04-20,1936
1995-04-21,1937
1995-04-22,1938
1995-04-23,1939
1995-04-24,1940
1995-04-25,1941
1995-04-26,1942
1995-04-27,1943
1995-04-28,1944
1995-04-29,1945
1995-04-30,1946
1995-05-01,1947
1995-05-02,1948
1995-05-03,1949
1995-05-04,1950
1995-05-05,1951
1995-05-06,1952
1995-05-07,1953
1995-05-08,1954
1995-05-09,1955
1995-05-10,1956
1995-05-11,1957
1995-05-12,1958
1995-05-13,1959
1995-05-14,1960
1995-05-15,1961
1995-05-16,1962
1995-05-17,1963
1995-05-18,1964
1995-05-19,1965
1995-05-20,1966
1995-05-21,1967
1995-05-22,1968
1995-05-23,1969
1995-05-24,1970
1995-05-25,1971
1995-05-26,1972
1995-05-27,1973
1995-05-28,1974
1995-05-29,1975
1995-05-30,1976
1995-05-31,1977
1995-06-01,1978
1995-06-02,1979
1995-06-03,1980
1995-06-04,1981
1995-06-05,1982
1995-06-06,1983
1995-06-07,1984
1995-06-08,1985
1995-06-09,1986
1995-06-10,1987
1995-06-11,1988
1995-06-12,1989
1995-06-13,1990
1995-06-14,1991
1995-06-15,1992
1995-06-16,1993
1995-06-17,1994
1995-06-18,1995
1995-06-19,1996
1995-06-20,1997
1995-06-21,1998
1995-06-22,1999
1995-06-23,2000
1995-06-24,2001
1995-06-25,2002
1995-06-26,2003
1995-06-27,2004
1995-06-28,2005
1995-06-29,2006
1995-06-30,2007
1995-07-01,2008
1995-07-02,2009
1995-07-03,2010
1995-07-04,2011
1995-07-05,2012
1995-07-06,2013
1995-07-07,2014
1995-07-08,2015
1995-07-09,2016
1995-07-10,2017
1995-07-11,2018
1995-07-12,2019
1995-07-13,2020
1995-07-14,2021
1995-07-15,2022
1995-07-16,2023
1995-07-17,2024
1995-07-18,2025
1995-07-19,2026
1995-07-20,2027
1995-07-21,2028
1995-07-22,2029
1995-07-23,2030
1995-07-24,2031
1995-07-25,2032
1995-07-26,2033
1995-07-27,2034
1995-07-28,2035
1995-07-29,2036
1995-07-30,2037
1995-07-31,2038
1995-08-01,2039
1995-08-02,2040
1995-08-03,2041
1995-08-04,2042
1995-08-05,2043
1995-08-06,2044
1995-08-07,2045
1995-08-08,2046
1995-08-09,2047
1995-08-10,2048
1995-08-11,2049
1995-08-12,2050
1995-08-13,2051
1995-08-14,2052
1995-08-15,2053
1995-08-16,2054
1995-08-17,2055
1995-08-18,2056
1995-08-19,2057
1995-08-20,2058
1995-08-21,2059
1995-08-22,2060
1995-08-23,2061
1995-08-24,2062
1995-08-25,2063
1995-08-26,2064
1995-08-27,2065
1995-08-28,2066
1995-08-29,2067
1995-08-30,2068
1995-08-31,2069
1995-09-01,2070
1995-09-02,2071
1995-09-03,2072
1995-09-04,2073
1995-09-05,2074
1995-09-06,2075
1995-09-07,2076
1995-09-08,2077
1995-09-09,2078
1995-09-10,2079
1995-09-11,2080
1995-09-12,2081
1995-09-13,2082
1995-09-14,2083
1995-09-15,2084
1995-09-16,2085
1995-09-17,2086
1995-09-18,2087
1995-09-19,2088
1995-09-20,2089
1995-09-21,2090
1995-09-22,2091
1995-09-23,2092
1995-09-24,2093
1995-09-25,2094
1995-09-26,2095
1995-09-27,2096
1995-09-28,2097
1995-09-29,2098
1995-09-30,2099
1995-10-01,2100
1995-10-02,2101
1995-10-03,2102
1995-10-04,2103
1995-10-05,2104
1995-10-06,2105
1995-10-07,2106
1995-10-08,2107
1995-10-09,2108
1995-10-10,2109
1995-10-11,2110
1995-10-12,2111
1995-10-13,2112
1995-10-14,2113
1995-10-15,2114
1995-10-16,2115
1995-10-17,2116
1995-10-18,2117
1995-10-19,2118
1995-10-20,2119
1995-10-21,2120
1995-10-22,2121
1995-10-23,2122
1995-10-24,2123
1995-10-25,2124
1995-10-26,2125
1995-10-27,2126
1995-10-28,2127
1995-10-29,2128
1995-10-30,2129
1995-10-31,2130
1995-11-01,2131
1995-11-02,2132
1995-11-03,2133
1995-11-04,2134
1995-11-05,2135
1995-11-06,2136
1995-11-07,2137
1995-11-08,2138
1995-11-09,2139
1995-11-10,2140
1995-11-11,2141
1995-11-12,2142
1995-11-13,2143
1995-11-14,2144
1995-11-15,2145
1995-11-16,2146
1995-11-17,2147
1995-11-18,2148
1995-11-19,2149
1995-11-20,2150
1995-11-21,2151
1995-11-22,2152
1995-11-23,2153
1995-11-24,2154
1995-11-25,2155
1995-11-26,2156
1995-11-27,2157
1995-11-28,2158
1995-11-29,2159
1995-11-30,2160
1995-12-01,2161
1995-12-02,2162
1995-12-03,2163
1995-12-04,2164
1995-12-05,2165
1995-12-06,2166
1995-12-07,2167
1995-12-08,2168
1995-12-09,2169
1995-12-10,2170
1995-12-11,2171
1995-12-12,2172
1995-12-13,2173
1995-12-14,2174
1995-12-15,2175
1995-12-16,2176
1995-12-17,2177
1995-12-18,2178
1995-12-19,2179
1995-12-20,2180
1995-12-21,2181
1995-12-22,2182
1995-12-23,2183
1995-12-24,2184
1995-12-25,2185
1995-12-26,2186
1995-12-27,2187
1995-12-28,2188
1995-12-29,2189
1995-12-30,2190
1995-12-31,2191
1996-01-01,2192
1996-01-02,2193
1996-01-03,2194
1996-01-04,2195
1996-01-05,2196
1996-01-06,2197
1996-01-07,2198
1996-01-08,2199
1996-01-09,2200
1996-01-10,2201
1996-01-11,2202
1996-01-12,2203
1996-01-13,2204
1996-01-14,2205
1996-01-15,2206
1996-01-16,2207
1996-01-17,2208
1996-01-18,2209
1996-01-19,2210
1996-01-20,2211
1996-01-21,2212
1996-01-22,2213
1996-01-23,2214
1996-01-24,2215
1996-01-25,2216
1996-01-26,2217
1996-01-27,2218
1996-01-28,2219
1996-01-29,2220
1996-01-30,2221
1996-01-31,2222
1996-02-01,2223
1996-02-02,2224
1996-02-03,2225
1996-02-04,2226
1996-02-05,2227
1996-02-06,2228
1996-02-07,2229
1996-02-08,2230
1996-02-09,2231
1996-02-10,2232
1996-02-11,2233
1996-02-12,2234
1996-02-13,2235
1996-02-14,2236
1996-02-15,2237
1996-02-16,2238
1996-02-17,2239
1996-02-18,2240
1996-02-19,2241
1996-02-20,2242
1996-02-21,2243
1996-02-22,2244
1996-02-23,2245
1996-02-24,2246
1996-02-25,2247
1996-02-26,2248
1996-02-27,2249
1996-02-28,2250
1996-02-29,2251
1996-03-01,2252
1996-03-02,2253
1996-03-03,2254
1996-03-04,2255
1996-03-05,2256
1996-03-06,2257
1996-03-07,2258
1996-03-08,2259
1996-03-09,2260
1996-03-10,2261
1996-03-11,2262
1996-03-12,2263
1996-03-13,2264
1996-03-14,2265
1996-03-15,2266
1996-03-16,2267
1996-03-17,2268
1996-03-18,2269
1996-03-19,2270
1996-03-20,2271
1996-03-21,2272
1996-03-22,2273
1996-03-23,2274
1996-03-24,2275
1996-03-25,2276
1996-03-26,2277
1996-03-27,2278
1996-03-28,2279
1996-03-29,2280
1996-03-30,2281
1996-03-31,2282
1996-04-01,2283
1996-04-02,2284
1996-04-03,2285
1996-04-04,2286
1996-04-05,2287
1996-04-06,2288
1996-04-07,2289
1996-04-08,2290
1996-04-09,2291
1996-04-10,2292
1996-04-11,2293
1996-04-12,2294
1996-04-13,2295
1996-04-14,2296
1996-04-15,2297
1996-04-16,2298
1996-04-17,2299
1996-04-18,2300
1996-04-19,2301
1996-04-20,2302
1996-04-21,2303
1996-04-22,2304
1996-04-23,2305
1996-04-24,2306
1996-04-25,2307
1996-04-26,2308
1996-04-27,2309
1996-04-28,2310
1996-04-29,2311
1996-04-30,2312
1996-05-01,2313
1996-05-02,2314
1996-05-03,2315
1996-05-04,2316
1996-05-05,2317
1996-05-06,2318
1996-05-07,2319
1996-05-08,2320
1996-05-09,2321
1996-05-10,2322
1996-05-11,2323
1996-05-12,2324
1996-05-13,2325
1996-05-14,2326
1996-05-15,2327
1996-05-16,2328
1996-05-17,2329
1996-05-18,2330
1996-05-19,2331
1996-05-20,2332
1996-05-21,2333
1996-05-22,2334
1996-05-23,2335
1996-05-24,2336
1996-05-25,2337
1996-05-26,2338
1996-05-27,2339
1996-05-28,2340
1996-05-29,2341
1996-05-30,2342
1996-05-31,2343
1996-06-01,2344
1996-06-02,2345
1996-06-03,2346
1996-06-04,2347
1996-06-05,2348
1996-06-06,2349
1996-06-07,2350
1996-06-08,2351
1996-06-09,2352
1996-06-10,2353
1996-06-11,2354
1996-06-12,2355
1996-06-13,2356
1996-06-14,2357
1996-06-15,2358
1996-06-16,2359
1996-06-17,2360
1996-06-18,2361
1996-06-19,2362
1996-06-20,2363
1996-06-21,2364
1996-06-22,2365
1996-06-23,2366
1996-06-24,2367
1996-06-25,2368
1996-06-26,2369
1996-06-27,2370
1996-06-28,2371
1996-06-29,2372
1996-06-30,2373
1996-07-01,2374
1996-07-02,2375
1996-07-03,2376
1996-07-04,2377
1996-07-05,2378
1996-07-06,2379
1996-07-07,2380
1996-07-08,2381
1996-07-09,2382
1996-07-10,2383
1996-07-11,2384
1996-07-12,2385
1996-07-13,2386
1996-07-14,2387
1996-07-15,2388
1996-07-16,2389
1996-07-17,2390
1996-07-18,2391
1996-07-19,2392
1996-07-20,2393
1996-07-21,2394
1996-07-22,2395
1996-07-23,2396
1996-07-24,2397
1996-07-25,2398
1996-07-26,2399
1996-07-27,2400
1996-07-28,2401
1996-07-29,2402
1996-07-30,2403
1996-07-31,2404
1996-08-01,2405
1996-08-02,2406
1996-08-03,2407
1996-08-04,2408
1996-08-05,2409
1996-08-06,2410
1996-08-07,2411
1996-08-08,2412
1996-08-09,2413
1996-08-10,2414
1996-08-11,2415
1996-08-12,2416
1996-08-13,2417
1996-08-14,2418
1996-08-15,2419
1996-08-16,2420
1996-08-17,2421
1996-08-18,2422
1996-08-19,2423
1996-08-20,2424
1996-08-21,2425
1996-08-22,2426
1996-08-23,2427
1996-08-24,2428
1996-08-25,2429
1996-08-26,2430
1996-08-27,2431
1996-08-28,2432
1996-08-29,2433
1996-08-30,2434
1996-08-31,2435
1996-09-01,2436
1996-09-02,2437
1996-09-03,2438
1996-09-04,2439
1996-09-05,2440
1996-09-06,2441
1996-09-07,2442
1996-09-08,2443
1996-09-09,2444
1996-09-10,2445
1996-09-11,2446
1996-09-12,2447
1996-09-13,2448
1996-09-14,2449
1996-09-15,2450
1996-09-16,2451
1996-09-17,2452
1996-09-18,2453
1996-09-19,2454
1996-09-20,2455
1996-09-21,2456
1996-09-22,2457
1996-09-23,2458
1996-09-24,2459
1996-09-25,2460
1996-09-26,2461
1996-09-27,2462
1996-09-28,2463
1996-09-29,2464
1996-09-30,2465
1996-10-01,2466
1996-10-02,2467
1996-10-03,2468
1996-10-04,2469
1996-10-05,2470
1996-10-06,2471
1996-10-07,2472
1996-10-08,2473
1996-10-09,2474
1996-10-10,2475
1996-10-11,2476
1996-10-12,2477
1996-10-13,2478
1996-10-14,2479
1996-10-15,2480
1996-10-16,2481
1996-10-17,2482
1996-10-18,2483
1996-10-19,2484
1996-10-20,2485
1996-10-21,2486
1996-10-22,2487
1996-10-23,2488
1996-10-24,2489
1996-10-25,2490
1996-10-26,2491
1996-10-27,2492
1996-10-28,2493
1996-10-29,2494
1996-10-30,2495
1996-10-31,2496
1996-11-01,2497
1996-11-02,2498
1996-11-03,2499
1996-11-04,2500
1996-11-05,2501
1996-11-06,2502
1996-11-07,2503
1996-11-08,2504
1996-11-09,2505
1996-11-10,2506
1996-11-11,2507
1996-11-12,2508
1996-11-13,2509
1996-11-14,2510
1996-11-15,2511
1996-11-16,2512
1996-11-17,2513
1996-11-18,2514
1996-11-19,2515
1996-11-20,2516
1996-11-21,2517
1996-11-22,2518
1996-11-23,2519
1996-11-24,2520
1996-11-25,2521
1996-11-26,2522
1996-11-27,2523
1996-11-28,2524
1996-11-29,2525
1996-11-30,2526
1996-12-01,2527
1996-12-02,2528
1996-12-03,2529
1996-12-04,2530
1996-12-05,2531
1996-12-06,2532
1996-12-07,2533
1996-12-08,2534
1996-12-09,2535
1996-12-10,2536
1996-12-11,2537
1996-12-12,2538
1996-12-13,2539
1996-12-14,2540
1996-12-15,2541
1996-12-16,2542
1996-12-17,2543
1996-12-18,2544
1996-12-19,2545
1996-12-20,2546
1996-12-21,2547
1996-12-22,2548
1996-12-23,2549
1996-12-24,2550
1996-12-25,2551
1996-12-26,2552
1996-12-27,2553
1996-12-28,2554
1996-12-29,2555
1996-12-30,2556
1996-12-31,2557
1997-01-01,2558
1997-01-02,2559
1997-01-03,2560
1997-01-04,2561
1997-01-05,2562
1997-01-06,2563
1997-01-07,2564
1997-01-08,2565
1997-01-09,2566
1997-01-10,2567
1997-01-11,2568
1997-01-12,2569
1997-01-13,2570
1997-01-14,2571
1997-01-15,2572
1997-01-16,2573
1997-01-17,2574
1997-01-18,2575
1997-01-19,2576
1997-01-20,2577
1997-01-21,2578
1997-01-22,2579
1997-01-23,2580
1997-01-24,2581
1997-01-25,2582
1997-01-26,2583
1997-01-27,2584
1997-01-28,2585
1997-01-29,2586
1997-01-30,2587
1997-01-31,2588
1997-02-01,2589
1997-02-02,2590
1997-02-03,2591
1997-02-04,2592
1997-02-05,2593
1997-02-06,2594
1997-02-07,2595
1997-02-08,2596
1997-02-09,2597
1997-02-10,2598
1997-02-11,2599
1997-02-12,2600
1997-02-13,2601
1997-02-14,2602
1997-02-15,2603
1997-02-16,2604
1997-02-17,2605
1997-02-18,2606
1997-02-19,2607
1997-02-20,2608
1997-02-21,2609
1997-02-22,2610
1997-02-23,2611
1997-02-24,2612
1997-02-25,2613
1997-02-26,2614
1997-02-27,2615
1997-02-28,2616
1997-03-01,2617
1997-03-02,2618
1997-03-03,2619
1997-03-04,2620
1997-03-05,2621
1997-03-06,2622
1997-03-07,2623
1997-03-08,2624
1997-03-09,2625
1997-03-10,2626
1997-03-11,2627
1997-03-12,2628
1997-03-13,2629
1997-03-14,2630
1997-03-15,2631
1997-03-16,2632
1997-03-17,2633
1997-03-18,2634
1997-03-19,2635
1997-03-20,2636
1997-03-21,2637
1997-03-22,2638
1997-03-23,2639
1997-03-24,2640
1997-03-25,2641
1997-03-26,2642
1997-03-27,2643
1997-03-28,2644
1997-03-29,2645
1997-03-30,2646
1997-03-31,2647
1997-04-01,2648
1997-04-02,2649
1997-04-03,2650
1997-04-04,2651
1997-04-05,2652
1997-04-06,2653
1997-04-07,2654
1997-04-08,2655
1997-04-09,2656
1997-04-10,2657
1997-04-11,2658
1997-04-12,2659
1997-04-13,2660
1997-04-14,2661
1997-04-15,2662
1997-04-16,2663
1997-04-17,2664
1997-04-18,2665
1997-04-19,2666
1997-04-20,2667
1997-04-21,2668
1997-04-22,2669
1997-04-23,2670
1997-04-24,2671
1997-04-25,2672
1997-04-26,2673
1997-04-27,2674
1997-04-28,2675
1997-04-29,2676
1997-04-30,2677
1997-05-01,2678
1997-05-02,2679
1997-05-03,2680
1997-05-04,2681
1997-05-05,2682
1997-05-06,2683
1997-05-07,2684
1997-05-08,2685
1997-05-09,2686
1997-05-10,2687
1997-05-11,2688
1997-05-12,2689
1997-05-13,2690
1997-05-14,2691
1997-05-15,2692
1997-05-16,2693
1997-05-17,2694
1997-05-18,2695
1997-05-19,2696
1997-05-20,2697
1997-05-21,2698
1997-05-22,2699
1997-05-23,2700
1997-05-24,2701
1997-05-25,2702
1997-05-26,2703
1997-05-27,2704
1997-05-28,2705
1997-05-29,2706
1997-05-30,2707
1997-05-31,2708
1997-06-01,2709
1997-06-02,2710
1997-06-03,2711
1997-06-04,2712
1997-06-05,2713
1997-06-06,2714
1997-06-07,2715
1997-06-08,2716
1997-06-09,2717
1997-06-10,2718
1997-06-11,2719
1997-06-12,2720
1997-06-13,2721
1997-06-14,2722
1997-06-15,2723
1997-06-16,2724
1997-06-17,2725
1997-06-18,2726
1997-06-19,2727
1997-06-20,2728
1997-06-21,2729
1997-06-22,2730
1997-06-23,2731
1997-06-24,2732
1997-06-25,2733
1997-06-26,2734
1997-06-27,2735
1997-06-28,2736
1997-06-29,2737
1997-06-30,2738
1997-07-01,2739
1997-07-02,2740
1997-07-03,2741
1997-07-04,2742
1997-07-05,2743
1997-07-06,2744
1997-07-07,2745
1997-07-08,2746
1997-07-09,2747
1997-07-10,2748
1997-07-11,2749
1997-07-12,2750
1997-07-13,2751
1997-07-14,2752
1997-07-15,2753
1997-07-16,2754
1997-07-17,2755
1997-07-18,2756
1997-07-19,2757
1997-07-20,2758
1997-07-21,2759
1997-07-22,2760
1997-07-23,2761
1997-07-24,2762
1997-07-25,2763
1997-07-26,2764
1997-07-27,2765
1997-07-28,2766
1997-07-29,2767
1997-07-30,2768
1997-07-31,2769
1997-08-01,2770
1997-08-02,2771
1997-08-03,2772
1997-08-04,2773
1997-08-05,2774
1997-08-06,2775
1997-08-07,2776
1997-08-08,2777
1997-08-09,2778
1997-08-10,2779
1997-08-11,2780
1997-08-12,2781
1997-08-13,2782
1997-08-14,2783
1997-08-15,2784
1997-08-16,2785
1997-08-17,2786
1997-08-18,2787
1997-08-19,2788
1997-08-20,2789
1997-08-21,2790
1997-08-22,2791
1997-08-23,2792
1997-08-24,2793
1997-08-25,2794
1997-08-26,2795
1997-08-27,2796
1997-08-28,2797
1997-08-29,2798
1997-08-30,2799
1997-08-31,2800
1997-09-01,2801
1997-09-02,2802
1997-09-03,2803
1997-09-04,2804
1997-09-05,2805
1997-09-06,2806
1997-09-07,2807
1997-09-08,2808
1997-09-09,2809
1997-09-10,2810
1997-09-11,2811
1997-09-12,2812
1997-09-13,2813
1997-09-14,2814
1997-09-15,2815
1997-09-16,2816
1997-09-17,2817
1997-09-18,2818
1997-09-19,2819
1997-09-20,2820
1997-09-21,2821
1997-09-22,2822
1997-09-23,2823
1997-09-24,2824
1997-09-25,2825
1997-09-26,2826
1997-09-27,2827
1997-09-28,2828
1997-09-29,2829
1997-09-30,2830
1997-10-01,2831
1997-10-02,2832
1997-10-03,2833
1997-10-04,2834
1997-10-05,2835
1997-10-06,2836
1997-10-07,2837
1997-10-08,2838
1997-10-09,2839
1997-10-10,2840
1997-10-11,2841
1997-10-12,2842
1997-10-13,2843
1997-10-14,2844
1997-10-15,2845
1997-10-16,2846
1997-10-17,2847
1997-10-18,2848
1997-10-19,2849
1997-10-20,2850
1997-10-21,2851
1997-10-22,2852
1997-10-23,2853
1997-10-24,2854
1997-10-25,2855
1997-10-26,2856
1997-10-27,2857
1997-10-28,2858
1997-10-29,2859
1997-10-30,2860
1997-10-31,2861
1997-11-01,2862
1997-11-02,2863
1997-11-03,2864
1997-11-04,2865
1997-11-05,2866
1997-11-06,2867
1997-11-07,2868
1997-11-08,2869
1997-11-09,2870
1997-11-10,2871
1997-11-11,2872
1997-11-12,2873
1997-11-13,2874
1997-11-14,2875
1997-11-15,2876
1997-11-16,2877
1997-11-17,2878
1997-11-18,2879
1997-11-19,2880
1997-11-20,2881
1997-11-21,2882
1997-11-22,2883
1997-11-23,2884
1997-11-24,2885
1997-11-25,2886
1997-11-26,2887
1997-11-27,2888
1997-11-28,2889
1997-11-29,2890
1997-11-30,2891
1997-12-01,2892
1997-12-02,2893
1997-12-03,2894
1997-12-04,2895
1997-12-05,2896
1997-12-06,2897
1997-12-07,2898
1997-12-08,2899
1997-12-09,2900
1997-12-10,2901
1997-12-11,2902
1997-12-12,2903
1997-12-13,2904
1997-12-14,2905
1997-12-15,2906
1997-12-16,2907
1997-12-17,2908
1997-12-18,2909
1997-12-19,2910
1997-12-20,2911
1997-12-21,2912
1997-12-22,2913
1997-12-23,2914
1997-12-24,2915
1997-12-25,2916
1997-12-26,2917
1997-12-27,2918
1997-12-28,2919
1997-12-29,2920
1997-12-30,2921
1997-12-31,2922
1998-01-01,2923
1998-01-02,2924
1998-01-03,2925
1998-01-04,2926
1998-01-05,2927
1998-01-06,2928
1998-01-07,2929
1998-01-08,2930
1998-01-09,2931
1998-01-10,2932
1998-01-11,2933
1998-01-12,2934
1998-01-13,2935
1998-01-14,2936
1998-01-15,2937
1998-01-16,2938
1998-01-17,2939
1998-01-18,2940
1998-01-19,2941
1998-01-20,2942
1998-01-21,2943
1998-01-22,2944
1998-01-23,2945
1998-01-24,2946
1998-01-25,2947
1998-01-26,2948
1998-01-27,2949
1998-01-28,2950
1998-01-29,2951
1998-01-30,2952
1998-01-31,2953
1998-02-01,2954
1998-02-02,2955
1998-02-03,2956
1998-02-04,2957
1998-02-05,2958
1998-02-06,2959
1998-02-07,2960
1998-02-08,2961
1998-02-09,2962
1998-02-10,2963
1998-02-11,2964
1998-02-12,2965
1998-02-13,2966
1998-02-14,2967
1998-02-15,2968
1998-02-16,2969
1998-02-17,2970
1998-02-18,2971
1998-02-19,2972
1998-02-20,2973
1998-02-21,2974
1998-02-22,2975
1998-02-23,2976
1998-02-24,2977
1998-02-25,2978
1998-02-26,2979
1998-02-27,2980
1998-02-28,2981
1998-03-01,2982
1998-03-02,2983
1998-03-03,2984
1998-03-04,2985
1998-03-05,2986
1998-03-06,2987
1998-03-07,2988
1998-03-08,2989
1998-03-09,2990
1998-03-10,2991
1998-03-11,2992
1998-03-12,2993
1998-03-13,2994
1998-03-14,2995
1998-03-15,2996
1998-03-16,2997
1998-03-17,2998
1998-03-18,2999
1998-03-19,3000
1998-03-20,3001
1998-03-21,3002
1998-03-22,3003
1998-03-23,3004
1998-03-24,3005
1998-03-25,3006
1998-03-26,3007
1998-03-27,3008
1998-03-28,3009
1998-03-29,3010
1998-03-30,3011
1998-03-31,3012
1998-04-01,3013
1998-04-02,3014
1998-04-03,3015
1998-04-04,3016
1998-04-05,3017
1998-04-06,3018
1998-04-07,3019
1998-04-08,3020
1998-04-09,3021
1998-04-10,3022
1998-04-11,3023
1998-04-12,3024
1998-04-13,3025
1998-04-14,3026
1998-04-15,3027
1998-04-16,3028
1998-04-17,3029
1998-04-18,3030
1998-04-19,3031
1998-04-20,3032
1998-04-21,3033
1998-04-22,3034
1998-04-23,3035
1998-04-24,3036
1998-04-25,3037
1998-04-26,3038
1998-04-27,3039
1998-04-28,3040
1998-04-29,3041
1998-04-30,3042
1998-05-01,3043
1998-05-02,3044
1998-05-03,3045
1998-05-04,3046
1998-05-05,3047
1998-05-06,3048
1998-05-07,3049
1998-05-08,3050
1998-05-09,3051
1998-05-10,3052
1998-05-11,3053
1998-05-12,3054
1998-05-13,3055
1998-05-14,3056
1998-05-15,3057
1998-05-16,3058
1998-05-17,3059
1998-05-18,3060
1998-05-19,3061
1998-05-20,3062
1998-05-21,3063
1998-05-22,3064
1998-05-23,3065
1998-05-24,3066
1998-05-25,3067
1998-05-26,3068
1998-05-27,3069
1998-05-28,3070
1998-05-29,3071
1998-05-30,3072
1998-05-31,3073
1998-06-01,3074
1998-06-02,3075
1998-06-03,3076
1998-06-04,3077
1998-06-05,3078
1998-06-06,3079
1998-06-07,3080
1998-06-08,3081
1998-06-09,3082
1998-06-10,3083
1998-06-11,3084
1998-06-12,3085
1998-06-13,3086
1998-06-14,3087
1998-06-15,3088
1998-06-16,3089
1998-06-17,3090
1998-06-18,3091
1998-06-19,3092
1998-06-20,3093
1998-06-21,3094
1998-06-22,3095
1998-06-23,3096
1998-06-24,3097
1998-06-25,3098
1998-06-26,3099
1998-06-27,3100
1998-06-28,3101
1998-06-29,3102
1998-06-30,3103
1998-07-01,3104
1998-07-02,3105
1998-07-03,3106
1998-07-04,3107
1998-07-05,3108
1998-07-06,3109
1998-07-07,3110
1998-07-08,3111
1998-07-09,3112
1998-07-10,3113
1998-07-11,3114
1998-07-12,3115
1998-07-13,3116
1998-07-14,3117
1998-07-15,3118
1998-07-16,3119
1998-07-17,3120
1998-07-18,3121
1998-07-19,3122
1998-07-20,3123
1998-07-21,3124
1998-07-22,3125
1998-07-23,3126
1998-07-24,3127
1998-07-25,3128
1998-07-26,3129
1998-07-27,3130
1998-07-28,3131
1998-07-29,3132
1998-07-30,3133
1998-07-31,3134
1998-08-01,3135
1998-08-02,3136
1998-08-03,3137
1998-08-04,3138
1998-08-05,3139
1998-08-06,3140
1998-08-07,3141
1998-08-08,3142
1998-08-09,3143
1998-08-10,3144
1998-08-11,3145
1998-08-12,3146
1998-08-13,3147
1998-08-14,3148
1998-08-15,3149
1998-08-16,3150
1998-08-17,3151
1998-08-18,3152
1998-08-19,3153
1998-08-20,3154
1998-08-21,3155
1998-08-22,3156
1998-08-23,3157
1998-08-24,3158
1998-08-25,3159
1998-08-26,3160
1998-08-27,3161
1998-08-28,3162
1998-08-29,3163
1998-08-30,3164
1998-08-31,3165
1998-09-01,3166
1998-09-02,3167
1998-09-03,3168
1998-09-04,3169
1998-09-05,3170
1998-09-06,3171
1998-09-07,3172
1998-09-08,3173
1998-09-09,3174
1998-09-10,3175
1998-09-11,3176
1998-09-12,3177
1998-09-13,3178
1998-09-14,3179
1998-09-15,3180
1998-09-16,3181
1998-09-17,3182
1998-09-18,3183
1998-09-19,3184
1998-09-20,3185
1998-09-21,3186
1998-09-22,3187
1998-09-23,3188
1998-09-24,3189
1998-09-25,3190
1998-09-26,3191
1998-09-27,3192
1998-09-28,3193
1998-09-29,3194
1998-09-30,3195
1998-10-01,3196
1998-10-02,3197
1998-10-03,3198
1998-10-04,3199
1998-10-05,3200
1998-10-06,3201
1998-10-07,3202
1998-10-08,3203
1998-10-09,3204
1998-10-10,3205
1998-10-11,3206
1998-10-12,3207
1998-10-13,3208
1998-10-14,3209
1998-10-15,3210
1998-10-16,3211
1998-10-17,3212
1998-10-18,3213
1998-10-19,3214
1998-10-20,3215
1998-10-21,3216
1998-10-22,3217
1998-10-23,3218
1998-10-24,3219
1998-10-25,3220
1998-10-26,3221
1998-10-27,3222
1998-10-28,3223
1998-10-29,3224
1998-10-30,3225
1998-10-31,3226
1998-11-01,3227
1998-11-02,3228
1998-11-03,3229
1998-11-04,3230
1998-11-05,3231
1998-11-06,3232
1998-11-07,3233
1998-11-08,3234
1998-11-09,3235
1998-11-10,3236
1998-11-11,3237
1998-11-12,3238
1998-11-13,3239
1998-11-14,3240
1998-11-15,3241
1998-11-16,3242
1998-11-17,3243
1998-11-18,3244
1998-11-19,3245
1998-11-20,3246
1998-11-21,3247
1998-11-22,3248
1998-11-23,3249
1998-11-24,3250
1998-11-25,3251
1998-11-26,3252
1998-11-27,3253
1998-11-28,3254
1998-11-29,3255
1998-11-30,3256
1998-12-01,3257
1998-12-02,3258
1998-12-03,3259
1998-12-04,3260
1998-12-05,3261
1998-12-06,3262
1998-12-07,3263
1998-12-08,3264
1998-12-09,3265
1998-12-10,3266
1998-12-11,3267
1998-12-12,3268
1998-12-13,3269
1998-12-14,3270
1998-12-15,3271
1998-12-16,3272
1998-12-17,3273
1998-12-18,3274
1998-12-19,3275
1998-12-20,3276
1998-12-21,3277
1998-12-22,3278
1998-12-23,3279
1998-12-24,3280
1998-12-25,3281
1998-12-26,3282
1998-12-27,3283
1998-12-28,3284
1998-12-29,3285
1998-12-30,3286
1998-12-31,3287
1999-01-01,3288
1999-01-02,3289
1999-01-03,3290
1999-01-04,3291
1999-01-05,3292
1999-01-06,3293
1999-01-07,3294
1999-01-08,3295
1999-01-09,3296
1999-01-10,3297
1999-01-11,3298
1999-01-12,3299
1999-01-13,3300
1999-01-14,3301
1999-01-15,3302
1999-01-16,3303
1999-01-17,3304
1999-01-18,3305
1999-01-19,3306
1999-01-20,3307
1999-01-21,3308
1999-01-22,3309
1999-01-23,3310
1999-01-24,3311
1999-01-25,3312
1999-01-26,3313
1999-01-27,3314
1999-01-28,3315
1999-01-29,3316
1999-01-30,3317
1999-01-31,3318
1999-02-01,3319
1999-02-02,3320
1999-02-03,3321
1999-02-04,3322
1999-02-05,3323
1999-02-06,3324
1999-02-07,3325
1999-02-08,3326
1999-02-09,3327
1999-02-10,3328
1999-02-11,3329
1999-02-12,3330
1999-02-13,3331
1999-02-14,3332
1999-02-15,3333
1999-02-16,3334
1999-02-17,3335
1999-02-18,3336
1999-02-19,3337
1999-02-20,3338
1999-02-21,3339
1999-02-22,3340
1999-02-23,3341
1999-02-24,3342
1999-02-25,3343
1999-02-26,3344
1999-02-27,3345
1999-02-28,3346
1999-03-01,3347
1999-03-02,3348
1999-03-03,3349
1999-03-04,3350
1999-03-05,3351
1999-03-06,3352
1999-03-07,3353
1999-03-08,3354
1999-03-09,3355
1999-03-10,3356
1999-03-11,3357
1999-03-12,3358
1999-03-13,3359
1999-03-14,3360
1999-03-15,3361
1999-03-16,3362
1999-03-17,3363
1999-03-18,3364
1999-03-19,3365
1999-03-20,3366
1999-03-21,3367
1999-03-22,3368
1999-03-23,3369
1999-03-24,3370
1999-03-25,3371
1999-03-26,3372
1999-03-27,3373
1999-03-28,3374
1999-03-29,3375
1999-03-30,3376
1999-03-31,3377
1999-04-01,3378
1999-04-02,3379
1999-04-03,3380
1999-04-04,3381
1999-04-05,3382
1999-04-06,3383
1999-04-07,3384
1999-04-08,3385
1999-04-09,3386
1999-04-10,3387
1999-04-11,3388
1999-04-12,3389
1999-04-13,3390
1999-04-14,3391
1999-04-15,3392
1999-04-16,3393
1999-04-17,3394
1999-04-18,3395
1999-04-19,3396
1999-04-20,3397
1999-04-21,3398
1999-04-22,3399
1999-04-23,3400
1999-04-24,3401
1999-04-25,3402
1999-04-26,3403
1999-04-27,3404
1999-04-28,3405
1999-04-29,3406
1999-04-30,3407
1999-05-01,3408
1999-05-02,3409
1999-05-03,3410
1999-05-04,3411
1999-05-05,3412
1999-05-06,3413
1999-05-07,3414
1999-05-08,3415
1999-05-09,3416
1999-05-10,3417
1999-05-11,3418
1999-05-12,3419
1999-05-13,3420
1999-05-14,3421
1999-05-15,3422
1999-05-16,3423
1999-05-17,3424
1999-05-18,3425
1999-05-19,3426
1999-05-20,3427
1999-05-21,3428
1999-05-22,3429
1999-05-23,3430
1999-05-24,3431
1999-05-25,3432
1999-05-26,3433
1999-05-27,3434
1999-05-28,3435
1999-05-29,3436
1999-05-30,3437
1999-05-31,3438
1999-06-01,3439
1999-06-02,3440
1999-06-03,3441
1999-06-04,3442
1999-06-05,3443
1999-06-06,3444
1999-06-07,3445
1999-06-08,3446
1999-06-09,3447
1999-06-10,3448
1999-06-11,3449
1999-06-12,3450
1999-06-13,3451
1999-06-14,3452
1999-06-15,3453
1999-06-16,3454
1999-06-17,3455
1999-06-18,3456
1999-06-19,3457
1999-06-20,3458
1999-06-21,3459
1999-06-22,3460
1999-06-23,3461
1999-06-24,3462
1999-06-25,3463
1999-06-26,3464
1999-06-27,3465
1999-06-28,3466
1999-06-29,3467
1999-06-30,3468
1999-07-01,3469
1999-07-02,3470
1999-07-03,3471
1999-07-04,3472
1999-07-05,3473
1999-07-06,3474
1999-07-07,3475
1999-07-08,3476
1999-07-09,3477
1999-07-10,3478
1999-07-11,3479
1999-07-12,3480
1999-07-13,3481
1999-07-14,3482
1999-07-15,3483
1999-07-16,3484
1999-07-17,3485
1999-07-18,3486
1999-07-19,3487
1999-07-20,3488
1999-07-21,3489
1999-07-22,3490
1999-07-23,3491
1999-07-24,3492
1999-07-25,3493
1999-07-26,3494
1999-07-27,3495
1999-07-28,3496
1999-07-29,3497
1999-07-30,3498
1999-07-31,3499
1999-08-01,3500
1999-08-02,3501
1999-08-03,3502
1999-08-04,3503
1999-08-05,3504
1999-08-06,3505
1999-08-07,3506
1999-08-08,3507
1999-08-09,3508
1999-08-10,3509
1999-08-11,3510
1999-08-12,3511
1999-08-13,3512
1999-08-14,3513
1999-08-15,3514
1999-08-16,3515
1999-08-17,3516
1999-08-18,3517
1999-08-19,3518
1999-08-20,3519
1999-08-21,3520
1999-08-22,3521
1999-08-23,3522
1999-08-24,3523
1999-08-25,3524
1999-08-26,3525
1999-08-27,3526
1999-08-28,3527
1999-08-29,3528
1999-08-30,3529
1999-08-31,3530
1999-09-01,3531
1999-09-02,3532
1999-09-03,3533
1999-09-04,3534
1999-09-05,3535
1999-09-06,3536
1999-09-07,3537
1999-09-08,3538
1999-09-09,3539
1999-09-10,3540
1999-09-11,3541
1999-09-12,3542
1999-09-13,3543
1999-09-14,3544
1999-09-15,3545
1999-09-16,3546
1999-09-17,3547
1999-09-18,3548
1999-09-19,3549
1999-09-20,3550
1999-09-21,3551
1999-09-22,3552
1999-09-23,3553
1999-09-24,3554
1999-09-25,3555
1999-09-26,3556
1999-09-27,3557
1999-09-28,3558
1999-09-29,3559
1999-09-30,3560
1999-10-01,3561
1999-10-02,3562
1999-10-03,3563
1999-10-04,3564
1999-10-05,3565
1999-10-06,3566
1999-10-07,3567
1999-10-08,3568
1999-10-09,3569
1999-10-10,3570
1999-10-11,3571
1999-10-12,3572
1999-10-13,3573
1999-10-14,3574
1999-10-15,3575
1999-10-16,3576
1999-10-17,3577
1999-10-18,3578
1999-10-19,3579
1999-10-20,3580
1999-10-21,3581
1999-10-22,3582
1999-10-23,3583
1999-10-24,3584
1999-10-25,3585
1999-10-26,3586
1999-10-27,3587
1999-10-28,3588
1999-10-29,3589
1999-10-30,3590
1999-10-31,3591
1999-11-01,3592
1999-11-02,3593
1999-11-03,3594
1999-11-04,3595
1999-11-05,3596
1999-11-06,3597
1999-11-07,3598
1999-11-08,3599
1999-11-09,3600
1999-11-10,3601
1999-11-11,3602
1999-11-12,3603
1999-11-13,3604
1999-11-14,3605
1999-11-15,3606
1999-11-16,3607
1999-11-17,3608
1999-11-18,3609
1999-11-19,3610
1999-11-20,3611
1999-11-21,3612
1999-11-22,3613
1999-11-23,3614
1999-11-24,3615
1999-11-25,3616
1999-11-26,3617
1999-11-27,3618
1999-11-28,3619
1999-11-29,3620
1999-11-30,3621
1999-12-01,3622
1999-12-02,3623
1999-12-03,3624
1999-12-04,3625
1999-12-05,3626
1999-12-06,3627
1999-12-07,3628
1999-12-08,3629
1999-12-09,3630
1999-12-10,3631
1999-12-11,3632
1999-12-12,3633
1999-12-13,3634
1999-12-14,3635
1999-12-15,3636
1999-12-16,3637
1999-12-17,3638
1999-12-18,3639
1999-12-19,3640
1999-12-20,3641
1999-12-21,3642
1999-12-22,3643
1999-12-23,3644
1999-12-24,3645
1999-12-25,3646
1999-12-26,3647
1999-12-27,3648
1999-12-28,3649
1999-12-29,3650
1999-12-30,3651
1999-12-31,3652
