year,month,day,value
1990,1,1,1
1990,1,2,2
1990,1,3,3
1990,1,4,4
1990,1,5,5
1990,1,6,6
1990,1,7,7
1990,1,8,8
1990,1,9,9
1990,1,10,10
1990,1,11,11
1990,1,12,12
1990,1,13,13
1990,1,14,14
1990,1,15,15
1990,1,16,16
1990,1,17,17
1990,1,18,18
1990,1,19,19
1990,1,20,20
1990,1,21,21
1990,1,22,22
1990,1,23,23
1990,1,24,24
1990,1,25,25
1990,1,26,26
1990,1,27,27
1990,1,28,28
1990,1,29,29
1990,1,30,30
1990,1,31,31
1990,2,1,32
1990,2,2,33
1990,2,3,34
1990,2,4,35
1990,2,5,36
1990,2,6,37
1990,2,7,38
1990,2,8,39
1990,2,9,40
1990,2,10,41
1990,2,11,42
1990,2,12,43
1990,2,13,44
1990,2,14,45
1990,2,15,46
1990,2,16,47
1990,2,17,48
1990,2,18,49
1990,2,19,50
1990,2,20,51
1990,2,21,52
1990,2,22,53
1990,2,23,54
1990,2,24,55
1990,2,25,56
1990,2,26,57
1990,2,27,58
1990,2,28,59
1990,3,1,60
1990,3,2,61
1990,3,3,62
1990,3,4,63
1990,3,5,64
1990,3,6,65
1990,3,7,66
1990,3,8,67
1990,3,9,68
1990,3,10,69
1990,3,11,70
1990,3,12,71
1990,3,13,72
1990,3,14,73
1990,3,15,74
1990,3,16,75
1990,3,17,76
1990,3,18,77
1990,3,19,78
1990,3,20,79
1990,3,21,80
1990,3,22,81
1990,3,23,82
1990,3,24,83
1990,3,25,84
1990,3,26,85
1990,3,27,86
1990,3,28,87
1990,3,29,88
1990,3,30,89
1990,3,31,90
1990,4,1,91
1990,4,2,92
1990,4,3,93
1990,4,4,94
1990,4,5,95
1990,4,6,96
1990,4,7,97
1990,4,8,98
1990,4,9,99
1990,4,10,100
1990,4,11,101
1990,4,12,102
1990,4,13,103
1990,4,14,104
1990,4,15,105
1990,4,16,106
1990,4,17,107
1990,4,18,108
1990,4,19,109
1990,4,20,110
1990,4,21,111
1990,4,22,112
1990,4,23,113
1990,4,24,114
1990,4,25,115
1990,4,26,116
1990,4,27,117
1990,4,28,118
1990,4,29,119
1990,4,30,120
1990,5,1,121
1990,5,2,122
1990,5,3,123
1990,5,4,124
1990,5,5,125
1990,5,6,126
1990,5,7,127
1990,5,8,128
1990,5,9,129
1990,5,10,130
1990,5,11,131
1990,5,12,132
1990,5,13,133
1990,5,14,134
1990,5,15,135
1990,5,16,136
1990,5,17,137
1990,5,18,138
1990,5,19,139
1990,5,20,140
1990,5,21,141
1990,5,22,142
1990,5,23,143
1990,5,24,144
1990,5,25,145
1990,5,26,146
1990,5,27,147
1990,5,28,148
1990,5,29,149
1990,5,30,150
1990,5,31,151
1990,6,1,152
1990,6,2,153
1990,6,3,154
1990,6,4,155
1990,6,5,156
1990,6,6,157
1990,6,7,158
1990,6,8,159
1990,6,9,160
1990,6,10,161
1990,6,11,162
1990,6,12,163
1990,6,13,164
1990,6,14,165
1990,6,15,166
1990,6,16,167
1990,6,17,168
1990,6,18,169
1990,6,19,170
1990,6,20,171
1990,6,21,172
1990,6,22,173
1990,6,23,174
1990,6,24,175
1990,6,25,176
1990,6,26,177
1990,6,27,178
1990,6,28,179
1990,6,29,180
1990,6,30,181
1990,7,1,182
1990,7,2,183
1990,7,3,184
1990,7,4,185
1990,7,5,186
1990,7,6,187
1990,7,7,188
1990,7,8,189
1990,7,9,190
1990,7,10,191
1990,7,11,192
1990,7,12,193
1990,7,13,194
1990,7,14,195
1990,7,15,196
1990,7,16,197
1990,7,17,198
1990,7,18,199
1990,7,19,200
1990,7,20,201
1990,7,21,202
1990,7,22,203
1990,7,23,204
1990,7,24,205
1990,7,25,206
1990,7,26,207
1990,7,27,208
1990,7,28,209
1990,7,29,210
1990,7,30,211
1990,7,31,212
1990,8,1,213
1990,8,2,214
1990,8,3,215
1990,8,4,216
1990,8,5,217
1990,8,6,218
1990,8,7,219
1990,8,8,220
1990,8,9,221
1990,8,10,222
1990,8,11,223
1990,8,12,224
1990,8,13,225
1990,8,14,226
1990,8,15,227
1990,8,16,228
1990,8,17,229
1990,8,18,230
1990,8,19,231
1990,8,20,232
1990,8,21,233
1990,8,22,234
1990,8,23,235
1990,8,24,236
1990,8,25,237
1990,8,26,238
1990,8,27,239
1990,8,28,240
1990,8,29,241
1990,8,30,242
1990,8,31,243
1990,9,1,244
1990,9,2,245
1990,9,3,246
1990,9,4,247
1990,9,5,248
1990,9,6,249
1990,9,7,250
1990,9,8,251
1990,9,9,252
1990,9,10,253
1990,9,11,254
1990,9,12,255
1990,9,13,256
1990,9,14,257
1990,9,15,258
1990,9,16,259
1990,9,17,260
1990,9,18,261
1990,9,19,262
1990,9,20,263
1990,9,21,264
1990,9,22,265
1990,9,23,266
1990,9,24,267
1990,9,25,268
1990,9,26,269
1990,9,27,270
1990,9,28,271
1990,9,29,272
1990,9,30,273
1990,10,1,274
1990,10,2,275
1990,10,3,276
1990,10,4,277
1990,10,5,278
1990,10,6,279
1990,10,7,280
1990,10,8,281
1990,10,9,282
1990,10,10,283
1990,10,11,284
1990,10,12,285
1990,10,13,286
1990,10,14,287
1990,10,15,288
1990,10,16,289
1990,10,17,290
1990,10,18,291
1990,10,19,292
1990,10,20,293
1990,10,21,294
1990,10,22,295
1990,10,23,296
1990,10,24,297
1990,10,25,298
1990,10,26,299
1990,10,27,300
1990,10,28,301
1990,10,29,302
1990,10,30,303
1990,10,31,304
1990,11,1,305
1990,11,2,306
1990,11,3,307
1990,11,4,308
1990,11,5,309
1990,11,6,310
1990,11,7,311
1990,11,8,312
1990,11,9,313
1990,11,10,314
1990,11,11,315
1990,11,12,316
1990,11,13,317
1990,11,14,318
1990,11,15,319
1990,11,16,320
1990,11,17,321
1990,11,18,322
1990,11,19,323
1990,11,20,324
1990,11,21,325
1990,11,22,326
1990,11,23,327
1990,11,24,328
1990,11,25,329
1990,11,26,330
1990,11,27,331
1990,11,28,332
1990,11,29,333
1990,11,30,334
1990,12,1,335
1990,12,2,336
1990,12,3,337
1990,12,4,338
1990,12,5,339
1990,12,6,340
1990,12,7,341
1990,12,8,342
1990,12,9,343
1990,12,10,344
1990,12,11,345
1990,12,12,346
1990,12,13,347
1990,12,14,348
1990,12,15,349
1990,12,16,350
1990,12,17,351
1990,12,18,352
1990,12,19,353
1990,12,20,354
1990,12,21,355
1990,12,22,356
1990,12,23,357
1990,12,24,358
1990,12,25,359
1990,12,26,360
1990,12,27,361
1990,12,28,362
1990,12,29,363
1990,12,30,364
1990,12,31,365
1991,1,1,366
1991,1,2,367
1991,1,3,368
1991,1,4,369
1991,1,5,370
1991,1,6,371
1991,1,7,372
1991,1,8,373
1991,1,9,374
1991,1,10,375
1991,1,11,376
1991,1,12,377
1991,1,13,378
1991,1,14,379
1991,1,15,380
1991,1,16,381
1991,1,17,382
1991,1,18,383
1991,1,19,384
1991,1,20,385
1991,1,21,386
1991,1,22,387
1991,1,23,388
1991,1,24,389
1991,1,25,390
1991,1,26,391
1991,1,27,392
1991,1,28,393
1991,1,29,394
1991,1,30,395
1991,1,31,396
1991,2,1,397
1991,2,2,398
1991,2,3,399
1991,2,4,400
1991,2,5,401
1991,2,6,402
1991,2,7,403
1991,2,8,404
1991,2,9,405
1991,2,10,406
1991,2,11,407
1991,2,12,408
1991,2,13,409
1991,2,14,410
1991,2,15,411
1991,2,16,412
1991,2,17,413
1991,2,18,414
1991,2,19,415
1991,2,20,416
1991,2,21,417
1991,2,22,418
1991,2,23,419
1991,2,24,420
1991,2,25,421
1991,2,26,422
1991,2,27,423
1991,2,28,424
1991,3,1,425
1991,3,2,426
1991,3,3,427
1991,3,4,428
1991,3,5,429
1991,3,6,430
1991,3,7,431
1991,3,8,432
1991,3,9,433
1991,3,10,434
1991,3,11,435
1991,3,12,436
1991,3,13,437
1991,3,14,438
1991,3,15,439
1991,3,16,440
1991,3,17,441
1991,3,18,442
1991,3,19,443
1991,3,20,444
1991,3,21,445
1991,3,22,446
1991,3,23,447
1991,3,24,448
1991,3,25,449
1991,3,26,450
1991,3,27,451
1991,3,28,452
1991,3,29,453
1991,3,30,454
1991,3,31,455
1991,4,1,456
1991,4,2,457
1991,4,3,458
1991,4,4,459
1991,4,5,460
1991,4,6,461
1991,4,7,462
1991,4,8,463
1991,4,9,464
1991,4,10,465
1991,4,11,466
1991,4,12,467
1991,4,13,468
1991,4,14,469
1991,4,15,470
1991,4,16,471
1991,4,17,472
1991,4,18,473
1991,4,19,474
1991,4,20,475
1991,4,21,476
1991,4,22,477
1991,4,23,478
1991,4,24,479
1991,4,25,480
1991,4,26,481
1991,4,27,482
1991,4,28,483
1991,4,29,484
1991,4,30,485
1991,5,1,486
1991,5,2,487
1991,5,3,488
1991,5,4,489
1991,5,5,490
1991,5,6,491
1991,5,7,492
1991,5,8,493
1991,5,9,494
1991,5,10,495
1991,5,11,496
1991,5,12,497
1991,5,13,498
1991,5,14,499
1991,5,15,500
1991,5,16,501
1991,5,17,502
1991,5,18,503
1991,5,19,504
1991,5,20,505
1991,5,21,506
1991,5,22,507
1991,5,23,508
1991,5,24,509
1991,5,25,510
1991,5,26,511
1991,5,27,512
1991,5,28,513
1991,5,29,514
1991,5,30,515
1991,5,31,516
1991,6,1,517
1991,6,2,518
1991,6,3,519
1991,6,4,520
1991,6,5,521
1991,6,6,522
1991,6,7,523
1991,6,8,524
1991,6,9,525
1991,6,10,526
1991,6,11,527
1991,6,12,528
1991,6,13,529
1991,6,14,530
1991,6,15,531
1991,6,16,532
1991,6,17,533
1991,6,18,534
1991,6,19,535
1991,6,20,536
1991,6,21,537
1991,6,22,538
1991,6,23,539
1991,6,24,540
1991,6,25,541
1991,6,26,542
1991,6,27,543
1991,6,28,544
1991,6,29,545
1991,6,30,546
1991,7,1,547
1991,7,2,548
1991,7,3,549
1991,7,4,550
1991,7,5,551
1991,7,6,552
1991,7,7,553
1991,7,8,554
1991,7,9,555
1991,7,10,556
1991,7,11,557
1991,7,12,558
1991,7,13,559
1991,7,14,560
1991,7,15,561
1991,7,16,562
1991,7,17,563
1991,7,18,564
1991,7,19,565
1991,7,20,566
1991,7,21,567
1991,7,22,568
1991,7,23,569
1991,7,24,570
1991,7,25,571
1991,7,26,572
1991,7,27,573
1991,7,28,574
1991,7,29,575
1991,7,30,576
1991,7,31,577
1991,8,1,578
1991,8,2,579
1991,8,3,580
1991,8,4,581
1991,8,5,582
1991,8,6,583
1991,8,7,584
1991,8,8,585
1991,8,9,586
1991,8,10,587
1991,8,11,588
1991,8,12,589
1991,8,13,590
1991,8,14,591
1991,8,15,592
1991,8,16,593
1991,8,17,594
1991,8,18,595
1991,8,19,596
1991,8,20,597
1991,8,21,598
1991,8,22,599
1991,8,23,600
1991,8,24,601
1991,8,25,602
1991,8,26,603
1991,8,27,604
1991,8,28,605
1991,8,29,606
1991,8,30,607
1991,8,31,608
1991,9,1,609
1991,9,2,610
1991,9,3,611
1991,9,4,612
1991,9,5,613
1991,9,6,614
1991,9,7,615
1991,9,8,616
1991,9,9,617
1991,9,10,618
1991,9,11,619
1991,9,12,620
1991,9,13,621
1991,9,14,622
1991,9,15,623
1991,9,16,624
1991,9,17,625
1991,9,18,626
1991,9,19,627
1991,9,20,628
1991,9,21,629
1991,9,22,630
1991,9,23,631
1991,9,24,632
1991,9,25,633
1991,9,26,634
1991,9,27,635
1991,9,28,636
1991,9,29,637
1991,9,30,638
1991,10,1,639
1991,10,2,640
1991,10,3,641
1991,10,4,642
1991,10,5,643
1991,10,6,644
1991,10,7,645
1991,10,8,646
1991,10,9,647
1991,10,10,648
1991,10,11,649
1991,10,12,650
1991,10,13,651
1991,10,14,652
1991,10,15,653
1991,10,16,654
1991,10,17,655
1991,10,18,656
1991,10,19,657
1991,10,20,658
1991,10,21,659
1991,10,22,660
1991,10,23,661
1991,10,24,662
1991,10,25,663
1991,10,26,664
1991,10,27,665
1991,10,28,666
1991,10,29,667
1991,10,30,668
1991,10,31,669
1991,11,1,670
1991,11,2,671
1991,11,3,672
1991,11,4,673
1991,11,5,674
1991,11,6,675
1991,11,7,676
1991,11,8,677
1991,11,9,678
1991,11,10,679
1991,11,11,680
1991,11,12,681
1991,11,13,682
1991,11,14,683
1991,11,15,684
1991,11,16,685
1991,11,17,686
1991,11,18,687
1991,11,19,688
1991,11,20,689
1991,11,21,690
1991,11,22,691
1991,11,23,692
1991,11,24,693
1991,11,25,694
1991,11,26,695
1991,11,27,696
1991,11,28,697
1991,11,29,698
1991,11,30,699
1991,12,1,700
1991,12,2,701
1991,12,3,702
1991,12,4,703
1991,12,5,704
1991,12,6,705
1991,12,7,706
1991,12,8,707
1991,12,9,708
1991,12,10,709
1991,12,11,710
1991,12,12,711
1991,12,13,712
1991,12,14,713
1991,12,15,714
1991,12,16,715
1991,12,17,716
1991,12,18,717
1991,12,19,718
1991,12,20,719
1991,12,21,720
1991,12,22,721
1991,12,23,722
1991,12,24,723
1991,12,25,724
1991,12,26,725
1991,12,27,726
1991,12,28,727
1991,12,29,728
1991,12,30,729
1991,12,31,730
1992,1,1,731
1992,1,2,732
1992,1,3,733
1992,1,4,734
1992,1,5,735
1992,1,6,736
1992,1,7,737
1992,1,8,738
1992,1,9,739
1992,1,10,740
1992,1,11,741
1992,1,12,742
1992,1,13,743
1992,1,14,744
1992,1,15,745
1992,1,16,746
1992,1,17,747
1992,1,18,748
1992,1,19,749
1992,1,20,750
1992,1,21,751
1992,1,22,752
1992,1,23,753
1992,1,24,754
1992,1,25,755
1992,1,26,756
1992,1,27,757
1992,1,28,758
1992,1,29,759
1992,1,30,760
1992,1,31,761
1992,2,1,762
1992,2,2,763
1992,2,3,764
1992,2,4,765
1992,2,5,766
1992,2,6,767
1992,2,7,768
1992,2,8,769
1992,2,9,770
1992,2,10,771
1992,2,11,772
1992,2,12,773
1992,2,13,774
1992,2,14,775
1992,2,15,776
1992,2,16,777
1992,2,17,778
1992,2,18,779
1992,2,19,780
1992,2,20,781
1992,2,21,782
1992,2,22,783
1992,2,23,784
1992,2,24,785
1992,2,25,786
1992,2,26,787
1992,2,27,788
1992,2,28,789
1992,2,29,790
1992,3,1,791
1992,3,2,792
1992,3,3,793
1992,3,4,794
1992,3,5,795
1992,3,6,796
1992,3,7,797
1992,3,8,798
1992,3,9,799
1992,3,10,800
1992,3,11,801
1992,3,12,802
1992,3,13,803
1992,3,14,804
1992,3,15,805
1992,3,16,806
1992,3,17,807
1992,3,18,808
1992,3,19,809
1992,3,20,810
1992,3,21,811
1992,3,22,812
1992,3,23,813
1992,3,24,814
1992,3,25,815
1992,3,26,816
1992,3,27,817
1992,3,28,818
1992,3,29,819
1992,3,30,820
1992,3,31,821
1992,4,1,822
1992,4,2,823
1992,4,3,824
1992,4,4,825
1992,4,5,826
1992,4,6,827
1992,4,7,828
1992,4,8,829
1992,4,9,830
1992,4,10,831
1992,4,11,832
1992,4,12,833
1992,4,13,834
1992,4,14,835
1992,4,15,836
1992,4,16,837
1992,4,17,838
1992,4,18,839
1992,4,19,840
1992,4,20,841
1992,4,21,842
1992,4,22,843
1992,4,23,844
1992,4,24,845
1992,4,25,846
1992,4,26,847
1992,4,27,848
1992,4,28,849
1992,4,29,850
1992,4,30,851
1992,5,1,852
1992,5,2,853
1992,5,3,854
1992,5,4,855
1992,5,5,856
1992,5,6,857
1992,5,7,858
1992,5,8,859
1992,5,9,860
1992,5,10,861
1992,5,11,862
1992,5,12,863
1992,5,13,864
1992,5,14,865
1992,5,15,866
1992,5,16,867
1992,5,17,868
1992,5,18,869
1992,5,19,870
1992,5,20,871
1992,5,21,872
1992,5,22,873
1992,5,23,874
1992,5,24,875
1992,5,25,876
1992,5,26,877
1992,5,27,878
1992,5,28,879
1992,5,29,880
1992,5,30,881
1992,5,31,882
1992,6,1,883
1992,6,2,884
1992,6,3,885
1992,6,4,886
1992,6,5,887
1992,6,6,888
1992,6,7,889
1992,6,8,890
1992,6,9,891
1992,6,10,892
1992,6,11,893
1992,6,12,894
1992,6,13,895
1992,6,14,896
1992,6,15,897
1992,6,16,898
1992,6,17,899
1992,6,18,900
1992,6,19,901
1992,6,20,902
1992,6,21,903
1992,6,22,904
1992,6,23,905
1992,6,24,906
1992,6,25,907
1992,6,26,908
1992,6,27,909
1992,6,28,910
1992,6,29,911
1992,6,30,912
1992,7,1,913
1992,7,2,914
1992,7,3,915
1992,7,4,916
1992,7,5,917
1992,7,6,918
1992,7,7,919
1992,7,8,920
1992,7,9,921
1992,7,10,922
1992,7,11,923
1992,7,12,924
1992,7,13,925
1992,7,14,926
1992,7,15,927
1992,7,16,928
1992,7,17,929
1992,7,18,930
1992,7,19,931
1992,7,20,932
1992,7,21,933
1992,7,22,934
1992,7,23,935
1992,7,24,936
1992,7,25,937
1992,7,26,938
1992,7,27,939
1992,7,28,940
1992,7,29,941
1992,7,30,942
1992,7,31,943
1992,8,1,944
1992,8,2,945
1992,8,3,946
1992,8,4,947
1992,8,5,948
1992,8,6,949
1992,8,7,950
1992,8,8,951
1992,8,9,952
1992,8,10,953
1992,8,11,954
1992,8,12,955
1992,8,13,956
1992,8,14,957
1992,8,15,958
1992,8,16,959
1992,8,17,960
1992,8,18,961
1992,8,19,962
1992,8,20,963
1992,8,21,964
1992,8,22,965
1992,8,23,966
1992,8,24,967
1992,8,25,968
1992,8,26,969
1992,8,27,970
1992,8,28,971
1992,8,29,972
1992,8,30,973
1992,8,31,974
1992,9,1,975
1992,9,2,976
1992,9,3,977
1992,9,4,978
1992,9,5,979
1992,9,6,980
1992,9,7,981
1992,9,8,982
1992,9,9,983
1992,9,10,984
1992,9,11,985
1992,9,12,986
1992,9,13,987
1992,9,14,988
1992,9,15,989
1992,9,16,990
1992,9,17,991
1992,9,18,992
1992,9,19,993
1992,9,20,994
1992,9,21,995
1992,9,22,996
1992,9,23,997
1992,9,24,998
1992,9,25,999
1992,9,26,1000
1992,9,27,1001
1992,9,28,1002
1992,9,29,1003
1992,9,30,1004
1992,10,1,1005
1992,10,2,1006
1992,10,3,1007
1992,10,4,1008
1992,10,5,1009
1992,10,6,1010
1992,10,7,1011
1992,10,8,1012
1992,10,9,1013
1992,10,10,1014
1992,10,11,1015
1992,10,12,1016
1992,10,13,1017
1992,10,14,1018
1992,10,15,1019
1992,10,16,1020
1992,10,17,1021
1992,10,18,1022
1992,10,19,1023
1992,10,20,1024
1992,10,21,1025
1992,10,22,1026
1992,10,23,1027
1992,10,24,1028
1992,10,25,1029
1992,10,26,1030
1992,10,27,1031
1992,10,28,1032
1992,10,29,1033
1992,10,30,1034
1992,10,31,1035
1992,11,1,1036
1992,11,2,1037
1992,11,3,1038
1992,11,4,1039
1992,11,5,1040
1992,11,6,1041
1992,11,7,1042
1992,11,8,1043
1992,11,9,1044
1992,11,10,1045
1992,11,11,1046
1992,11,12,1047
1992,11,13,1048
1992,11,14,1049
1992,11,15,1050
1992,11,16,1051
1992,11,17,1052
1992,11,18,1053
1992,11,19,1054
1992,11,20,1055
1992,11,21,1056
1992,11,22,1057
1992,11,23,1058
1992,11,24,1059
1992,11,25,1060
1992,11,26,1061
1992,11,27,1062
1992,11,28,1063
1992,11,29,1064
1992,11,30,1065
1992,12,1,1066
1992,12,2,1067
1992,12,3,1068
1992,12,4,1069
1992,12,5,1070
1992,12,6,1071
1992,12,7,1072
1992,12,8,1073
1992,12,9,1074
1992,12,10,1075
1992,12,11,1076
1992,12,12,1077
1992,12,13,1078
1992,12,14,1079
1992,12,15,1080
1992,12,16,1081
1992,12,17,1082
1992,12,18,1083
1992,12,19,1084
1992,12,20,1085
1992,12,21,1086
1992,12,22,1087
1992,12,23,1088
1992,12,24,1089
1992,12,25,1090
1992,12,26,1091
1992,12,27,1092
1992,12,28,1093
1992,12,29,1094
1992,12,30,1095
1992,12,31,1096
1993,1,1,1097
1993,1,2,1098
1993,1,3,1099
1993,1,4,1100
1993,1,5,1101
1993,1,6,1102
1993,1,7,1103
1993,1,8,1104
1993,1,9,1105
1993,1,10,1106
1993,1,11,1107
1993,1,12,1108
1993,1,13,1109
1993,1,14,1110
1993,1,15,1111
1993,1,16,1112
1993,1,17,1113
1993,1,18,1114
1993,1,19,1115
1993,1,20,1116
1993,1,21,1117
1993,1,22,1118
1993,1,23,1119
1993,1,24,1120
1993,1,25,1121
1993,1,26,1122
1993,1,27,1123
1993,1,28,1124
1993,1,29,1125
1993,1,30,1126
1993,1,31,1127
1993,2,1,1128
1993,2,2,1129
1993,2,3,1130
1993,2,4,1131
1993,2,5,1132
1993,2,6,1133
1993,2,7,1134
1993,2,8,1135
1993,2,9,1136
1993,2,10,1137
1993,2,11,1138
1993,2,12,1139
1993,2,13,1140
1993,2,14,1141
1993,2,15,1142
1993,2,16,1143
1993,2,17,1144
1993,2,18,1145
1993,2,19,1146
1993,2,20,1147
1993,2,21,1148
1993,2,22,1149
1993,2,23,1150
1993,2,24,1151
1993,2,25,1152
1993,2,26,1153
1993,2,27,1154
1993,2,28,1155
1993,3,1,1156
1993,3,2,1157
1993,3,3,1158
1993,3,4,1159
1993,3,5,1160
1993,3,6,1161
1993,3,7,1162
1993,3,8,1163
1993,3,9,1164
1993,3,10,1165
1993,3,11,1166
1993,3,12,1167
1993,3,13,1168
1993,3,14,1169
1993,3,15,1170
1993,3,16,1171
1993,3,17,1172
1993,3,18,1173
1993,3,19,1174
1993,3,20,1175
1993,3,21,1176
1993,3,22,1177
1993,3,23,1178
1993,3,24,1179
1993,3,25,1180
1993,3,26,1181
1993,3,27,1182
1993,3,28,1183
1993,3,29,1184
1993,3,30,1185
1993,3,31,1186
1993,4,1,1187
1993,4,2,1188
1993,4,3,1189
1993,4,4,1190
1993,4,5,1191
1993,4,6,1192
1993,4,7,1193
1993,4,8,1194
1993,4,9,1195
1993,4,10,1196
1993,4,11,1197
1993,4,12,1198
1993,4,13,1199
1993,4,14,1200
1993,4,15,1201
1993,4,16,1202
1993,4,17,1203
1993,4,18,1204
1993,4,19,1205
1993,4,20,1206
1993,4,21,1207
1993,4,22,1208
1993,4,23,1209
1993,4,24,1210
1993,4,25,1211
1993,4,26,1212
1993,4,27,1213
1993,4,28,1214
1993,4,29,1215
1993,4,30,1216
1993,5,1,1217
1993,5,2,1218
1993,5,3,1219
1993,5,4,1220
1993,5,5,1221
1993,5,6,1222
1993,5,7,1223
1993,5,8,1224
1993,5,9,1225
1993,5,10,1226
1993,5,11,1227
1993,5,12,1228
1993,5,13,1229
1993,5,14,1230
1993,5,15,1231
1993,5,16,1232
1993,5,17,1233
1993,5,18,1234
1993,5,19,1235
1993,5,20,1236
1993,5,21,1237
1993,5,22,1238
1993,5,23,1239
1993,5,24,1240
1993,5,25,1241
1993,5,26,1242
1993,5,27,1243
1993,5,28,1244
1993,5,29,1245
1993,5,30,1246
1993,5,31,1247
1993,6,1,1248
1993,6,2,1249
1993,6,3,1250
1993,6,4,1251
1993,6,5,1252
1993,6,6,1253
1993,6,7,1254
1993,6,8,1255
1993,6,9,1256
1993,6,10,1257
1993,6,11,1258
1993,6,12,1259
1993,6,13,1260
1993,6,14,1261
1993,6,15,1262
1993,6,16,1263
1993,6,17,1264
1993,6,18,1265
1993,6,19,1266
1993,6,20,1267
1993,6,21,1268
1993,6,22,1269
1993,6,23,1270
1993,6,24,1271
1993,6,25,1272
1993,6,26,1273
1993,6,27,1274
1993,6,28,1275
1993,6,29,1276
1993,6,30,1277
1993,7,1,1278
1993,7,2,1279
1993,7,3,1280
1993,7,4,1281
1993,7,5,1282
1993,7,6,1283
1993,7,7,1284
1993,7,8,1285
1993,7,9,1286
1993,7,10,1287
1993,7,11,1288
1993,7,12,1289
1993,7,13,1290
1993,7,14,1291
1993,7,15,1292
1993,7,16,1293
1993,7,17,1294
1993,7,18,1295
1993,7,19,1296
1993,7,20,1297
1993,7,21,1298
1993,7,22,1299
1993,7,23,1300
1993,7,24,1301
1993,7,25,1302
1993,7,26,1303
1993,7,27,1304
1993,7,28,1305
1993,7,29,1306
1993,7,30,1307
1993,7,31,1308
1993,8,1,1309
1993,8,2,1310
1993,8,3,1311
1993,8,4,1312
1993,8,5,1313
1993,8,6,1314
1993,8,7,1315
1993,8,8,1316
1993,8,9,1317
1993,8,10,1318
1993,8,11,1319
1993,8,12,1320
1993,8,13,1321
1993,8,14,1322
1993,8,15,1323
1993,8,16,1324
1993,8,17,1325
1993,8,18,1326
1993,8,19,1327
1993,8,20,1328
1993,8,21,1329
1993,8,22,1330
1993,8,23,1331
1993,8,24,1332
1993,8,25,1333
1993,8,26,1334
1993,8,27,1335
1993,8,28,1336
1993,8,29,1337
1993,8,30,1338
1993,8,31,1339
1993,9,1,1340
1993,9,2,1341
1993,9,3,1342
1993,9,4,1343
1993,9,5,1344
1993,9,6,1345
1993,9,7,1346
1993,9,8,1347
1993,9,9,1348
1993,9,10,1349
1993,9,11,1350
1993,9,12,1351
1993,9,13,1352
1993,9,14,1353
1993,9,15,1354
1993,9,16,1355
1993,9,17,1356
1993,9,18,1357
1993,9,19,1358
1993,9,20,1359
1993,9,21,1360
1993,9,22,1361
1993,9,23,1362
1993,9,24,1363
1993,9,25,1364
1993,9,26,1365
1993,9,27,1366
1993,9,28,1367
1993,9,29,1368
1993,9,30,1369
1993,10,1,1370
1993,10,2,1371
1993,10,3,1372
1993,10,4,1373
1993,10,5,1374
1993,10,6,1375
1993,10,7,1376
1993,10,8,1377
1993,10,9,1378
1993,10,10,1379
1993,10,11,1380
1993,10,12,1381
1993,10,13,1382
1993,10,14,1383
1993,10,15,1384
1993,10,16,1385
1993,10,17,1386
1993,10,18,1387
1993,10,19,1388
1993,10,20,1389
1993,10,21,1390
1993,10,22,1391
1993,10,23,1392
1993,10,24,1393
1993,10,25,1394
1993,10,26,1395
1993,10,27,1396
1993,10,28,1397
1993,10,29,1398
1993,10,30,1399
1993,10,31,1400
1993,11,1,1401
1993,11,2,1402
1993,11,3,1403
1993,11,4,1404
1993,11,5,1405
1993,11,6,1406
1993,11,7,1407
1993,11,8,1408
1993,11,9,1409
1993,11,10,1410
1993,11,11,1411
1993,11,12,1412
1993,11,13,1413
1993,11,14,1414
1993,11,15,1415
1993,11,16,1416
1993,11,17,1417
1993,11,18,1418
1993,11,19,1419
1993,11,20,1420
1993,11,21,1421
1993,11,22,1422
1993,11,23,1423
1993,11,24,1424
1993,11,25,1425
1993,11,26,1426
1993,11,27,1427
1993,11,28,1428
1993,11,29,1429
1993,11,30,1430
1993,12,1,1431
1993,12,2,1432
1993,12,3,1433
1993,12,4,1434
1993,12,5,1435
1993,12,6,1436
1993,12,7,1437
1993,12,8,1438
1993,12,9,1439
1993,12,10,1440
1993,12,11,1441
1993,12,12,1442
1993,12,13,1443
1993,12,14,1444
1993,12,15,1445
1993,12,16,1446
1993,12,17,1447
1993,12,18,1448
1993,12,19,1449
1993,12,20,1450
1993,12,21,1451
1993,12,22,1452
1993,12,23,1453
1993,12,24,1454
1993,12,25,1455
1993,12,26,1456
1993,12,27,1457
1993,12,28,1458
1993,12,29,1459
1993,12,30,1460
1993,12,31,1461
1994,1,1,1462
1994,1,2,1463
1994,1,3,1464
1994,1,4,1465
1994,1,5,1466
1994,1,6,1467
1994,1,7,1468
1994,1,8,1469
1994,1,9,1470
1994,1,10,1471
1994,1,11,1472
1994,1,12,1473
1994,1,13,1474
1994,1,14,1475
1994,1,15,1476
1994,1,16,1477
1994,1,17,1478
1994,1,18,1479
1994,1,19,1480
1994,1,20,1481
1994,1,21,1482
1994,1,22,1483
1994,1,23,1484
1994,1,24,1485
1994,1,25,1486
1994,1,26,1487
1994,1,27,1488
1994,1,28,1489
1994,1,29,1490
1994,1,30,1491
1994,1,31,1492
1994,2,1,1493
1994,2,2,1494
1994,2,3,1495
1994,2,4,1496
1994,2,5,1497
1994,2,6,1498
1994,2,7,1499
1994,2,8,1500
1994,2,9,1501
1994,2,10,1502
1994,2,11,1503
1994,2,12,1504
1994,2,13,1505
1994,2,14,1506
1994,2,15,1507
1994,2,16,1508
1994,2,17,1509
1994,2,18,1510
1994,2,19,1511
1994,2,20,1512
1994,2,21,1513
1994,2,22,1514
1994,2,23,1515
1994,2,24,1516
1994,2,25,1517
1994,2,26,1518
1994,2,27,1519
1994,2,28,1520
1994,3,1,1521
1994,3,2,1522
1994,3,3,1523
1994,3,4,1524
1994,3,5,1525
1994,3,6,1526
1994,3,7,1527
1994,3,8,1528
1994,3,9,1529
1994,3,10,1530
1994,3,11,1531
1994,3,12,1532
1994,3,13,1533
1994,3,14,1534
1994,3,15,1535
1994,3,16,1536
1994,3,17,1537
1994,3,18,1538
1994,3,19,1539
1994,3,20,1540
1994,3,21,1541
1994,3,22,1542
1994,3,23,1543
1994,3,24,1544
1994,3,25,1545
1994,3,26,1546
1994,3,27,1547
1994,3,28,1548
1994,3,29,1549
1994,3,30,1550
1994,3,31,1551
1994,4,1,1552
1994,4,2,1553
1994,4,3,1554
1994,4,4,1555
1994,4,5,1556
1994,4,6,1557
1994,4,7,1558
1994,4,8,1559
1994,4,9,1560
1994,4,10,1561
1994,4,11,1562
1994,4,12,1563
1994,4,13,1564
1994,4,14,1565
1994,4,15,1566
1994,4,16,1567
1994,4,17,1568
1994,4,18,1569
1994,4,19,1570
1994,4,20,1571
1994,4,21,1572
1994,4,22,1573
1994,4,23,1574
1994,4,24,1575
1994,4,25,1576
1994,4,26,1577
1994,4,27,1578
1994,4,28,1579
1994,4,29,1580
1994,4,30,1581
1994,5,1,1582
1994,5,2,1583
1994,5,3,1584
1994,5,4,1585
1994,5,5,1586
1994,5,6,1587
1994,5,7,1588
1994,5,8,1589
1994,5,9,1590
1994,5,10,1591
1994,5,11,1592
1994,5,12,1593
1994,5,13,1594
1994,5,14,1595
1994,5,15,1596
1994,5,16,1597
1994,5,17,1598
1994,5,18,1599
1994,5,19,1600
1994,5,20,1601
1994,5,21,1602
1994,5,22,1603
1994,5,23,1604
1994,5,24,1605
1994,5,25,1606
1994,5,26,1607
1994,5,27,1608
1994,5,28,1609
1994,5,29,1610
1994,5,30,1611
1994,5,31,1612
1994,6,1,1613
1994,6,2,1614
1994,6,3,1615
1994,6,4,1616
1994,6,5,1617
1994,6,6,1618
1994,6,7,1619
1994,6,8,1620
1994,6,9,1621
1994,6,10,1622
1994,6,11,1623
1994,6,12,1624
1994,6,13,1625
1994,6,14,1626
1994,6,15,1627
1994,6,16,1628
1994,6,17,1629
1994,6,18,1630
1994,6,19,1631
1994,6,20,1632
1994,6,21,1633
1994,6,22,1634
1994,6,23,1635
1994,6,24,1636
1994,6,25,1637
1994,6,26,1638
1994,6,27,1639
1994,6,28,1640
1994,6,29,1641
1994,6,30,1642
1994,7,1,1643
1994,7,2,1644
1994,7,3,1645
1994,7,4,1646
1994,7,5,1647
1994,7,6,1648
1994,7,7,1649
1994,7,8,1650
1994,7,9,1651
1994,7,10,1652
1994,7,11,1653
1994,7,12,1654
1994,7,13,1655
1994,7,14,1656
1994,7,15,1657
1994,7,16,1658
1994,7,17,1659
1994,7,18,1660
1994,7,19,1661
1994,7,20,1662
1994,7,21,1663
1994,7,22,1664
1994,7,23,1665
1994,7,24,1666
1994,7,25,1667
1994,7,26,1668
1994,7,27,1669
1994,7,28,1670
1994,7,29,1671
1994,7,30,1672
1994,7,31,1673
1994,8,1,1674
1994,8,2,1675
1994,8,3,1676
1994,8,4,1677
1994,8,5,1678
1994,8,6,1679
1994,8,7,1680
1994,8,8,1681
1994,8,9,1682
1994,8,10,1683
1994,8,11,1684
1994,8,12,1685
1994,8,13,1686
1994,8,14,1687
1994,8,15,1688
1994,8,16,1689
1994,8,17,1690
1994,8,18,1691
1994,8,19,1692
1994,8,20,1693
1994,8,21,1694
1994,8,22,1695
1994,8,23,1696
1994,8,24,1697
1994,8,25,1698
1994,8,26,1699
1994,8,27,1700
1994,8,28,1701
1994,8,29,1702
1994,8,30,1703
1994,8,31,1704
1994,9,1,1705
1994,9,2,1706
1994,9,3,1707
1994,9,4,1708
1994,9,5,1709
1994,9,6,1710
1994,9,7,1711
1994,9,8,1712
1994,9,9,1713
1994,9,10,1714
1994,9,11,1715
1994,9,12,1716
1994,9,13,1717
1994,9,14,1718
1994,9,15,1719
1994,9,16,1720
1994,9,17,1721
1994,9,18,1722
1994,9,19,1723
1994,9,20,1724
1994,9,21,1725
1994,9,22,1726
1994,9,23,1727
1994,9,24,1728
1994,9,25,1729
1994,9,26,1730
1994,9,27,1731
1994,9,28,1732
1994,9,29,1733
1994,9,30,1734
1994,10,1,1735
1994,10,2,1736
1994,10,3,1737
1994,10,4,1738
1994,10,5,1739
1994,10,6,1740
1994,10,7,1741
1994,10,8,1742
1994,10,9,1743
1994,10,10,1744
1994,10,11,1745
1994,10,12,1746
1994,10,13,1747
1994,10,14,1748
1994,10,15,1749
1994,10,16,1750
1994,10,17,1751
1994,10,18,1752
1994,10,19,1753
1994,10,20,1754
1994,10,21,1755
1994,10,22,1756
1994,10,23,1757
1994,10,24,1758
1994,10,25,1759
1994,10,26,1760
1994,10,27,1761
1994,10,28,1762
1994,10,29,1763
1994,10,30,1764
1994,10,31,1765
1994,11,1,1766
1994,11,2,1767
1994,11,3,1768
1994,11,4,1769
1994,11,5,1770
1994,11,6,1771
1994,11,7,1772
1994,11,8,1773
1994,11,9,1774
1994,11,10,1775
1994,11,11,1776
1994,11,12,1777
1994,11,13,1778
1994,11,14,1779
1994,11,15,1780
1994,11,16,1781
1994,11,17,1782
1994,11,18,1783
1994,11,19,1784
1994,11,20,1785
1994,11,21,1786
1994,11,22,1787
1994,11,23,1788
1994,11,24,1789
1994,11,25,1790
1994,11,26,1791
1994,11,27,1792
1994,11,28,1793
1994,11,29,1794
1994,11,30,1795
1994,12,1,1796
1994,12,2,1797
1994,12,3,1798
1994,12,4,1799
1994,12,5,1800
1994,12,6,1801
1994,12,7,1802
1994,12,8,1803
1994,12,9,1804
1994,12,10,1805
1994,12,11,1806
1994,12,12,1807
1994,12,13,1808
1994,12,14,1809
1994,12,15,1810
1994,12,16,1811
1994,12,17,1812
1994,12,18,1813
1994,12,19,1814
1994,12,20,1815
1994,12,21,1816
1994,12,22,1817
1994,12,23,1818
1994,12,24,1819
1994,12,25,1820
1994,12,26,1821
1994,12,27,1822
1994,12,28,1823
1994,12,29,1824
1994,12,30,1825
1994,12,31,1826
1995,1,1,1827
1995,1,2,1828
1995,1,3,1829
1995,1,4,1830
1995,1,5,1831
1995,1,6,1832
1995,1,7,1833
1995,1,8,1834
1995,1,9,1835
1995,1,10,1836
1995,1,11,1837
1995,1,12,1838
1995,1,13,1839
1995,1,14,1840
1995,1,15,1841
1995,1,16,1842
1995,1,17,1843
1995,1,18,1844
1995,1,19,1845
1995,1,20,1846
1995,1,21,1847
1995,1,22,1848
1995,1,23,1849
1995,1,24,1850
1995,1,25,1851
1995,1,26,1852
1995,1,27,1853
1995,1,28,1854
1995,1,29,1855
1995,1,30,1856
1995,1,31,1857
1995,2,1,1858
1995,2,2,1859
1995,2,3,1860
1995,2,4,1861
1995,2,5,1862
1995,2,6,1863
1995,2,7,1864
1995,2,8,1865
1995,2,9,1866
1995,2,10,1867
1995,2,11,1868
1995,2,12,1869
1995,2,13,1870
1995,2,14,1871
1995,2,15,1872
1995,2,16,1873
1995,2,17,1874
1995,2,18,1875
1995,2,19,1876
1995,2,20,1877
1995,2,21,1878
1995,2,22,1879
1995,2,23,1880
1995,2,24,1881
1995,2,25,1882
1995,2,26,1883
1995,2,27,1884
1995,2,28,1885
1995,3,1,1886
1995,3,2,1887
1995,3,3,1888
1995,3,4,1889
1995,3,5,1890
1995,3,6,1891
1995,3,7,1892
1995,3,8,1893
1995,3,9,1894
1995,3,10,1895
1995,3,11,1896
1995,3,12,1897
1995,3,13,1898
1995,3,14,1899
1995,3,15,1900
1995,3,16,1901
1995,3,17,1902
1995,3,18,1903
1995,3,19,1904
1995,3,20,1905
1995,3,21,1906
1995,3,22,1907
1995,3,23,1908
1995,3,24,1909
1995,3,25,1910
1995,3,26,1911
1995,3,27,1912
1995,3,28,1913
1995,3,29,1914
1995,3,30,1915
1995,3,31,1916
1995,4,1,1917
1995,4,2,1918
1995,4,3,1919
1995,4,4,1920
1995,4,5,1921
1995,4,6,1922
1995,4,7,1923
1995,4,8,1924
1995,4,9,1925
1995,4,10,1926
1995,4,11,1927
1995,4,12,1928
1995,4,13,1929
1995,4,14,1930
1995,4,15,1931
1995,4,16,1932
1995,4,17,1933
1995,4,18,1934
1995,4,19,1935
1995,4,20,1936
1995,4,21,1937
1995,4,22,1938
1995,4,23,1939
1995,4,24,1940
1995,4,25,1941
1995,4,26,1942
1995,4,27,1943
1995,4,28,1944
1995,4,29,1945
1995,4,30,1946
1995,5,1,1947
1995,5,2,1948
1995,5,3,1949
1995,5,4,1950
1995,5,5,1951
1995,5,6,1952
1995,5,7,1953
1995,5,8,1954
1995,5,9,1955
1995,5,10,1956
1995,5,11,1957
1995,5,12,1958
1995,5,13,1959
1995,5,14,1960
1995,5,15,1961
1995,5,16,1962
1995,5,17,1963
1995,5,18,1964
1995,5,19,1965
1995,5,20,1966
1995,5,21,1967
1995,5,22,1968
1995,5,23,1969
1995,5,24,1970
1995,5,25,1971
1995,5,26,1972
1995,5,27,1973
1995,5,28,1974
1995,5,29,1975
1995,5,30,1976
1995,5,31,1977
1995,6,1,1978
1995,6,2,1979
1995,6,3,1980
1995,6,4,1981
1995,6,5,1982
1995,6,6,1983
1995,6,7,1984
1995,6,8,1985
1995,6,9,1986
1995,6,10,1987
1995,6,11,1988
1995,6,12,1989
1995,6,13,1990
1995,6,14,1991
1995,6,15,1992
1995,6,16,1993
1995,6,17,1994
1995,6,18,1995
1995,6,19,1996
1995,6,20,1997
1995,6,21,1998
1995,6,22,1999
1995,6,23,2000
1995,6,24,2001
1995,6,25,2002
1995,6,26,2003
1995,6,27,2004
1995,6,28,2005
1995,6,29,2006
1995,6,30,2007
1995,7,1,2008
1995,7,2,2009
1995,7,3,2010
1995,7,4,2011
1995,7,5,2012
1995,7,6,2013
1995,7,7,2014
1995,7,8,2015
1995,7,9,2016
1995,7,10,2017
1995,7,11,2018
1995,7,12,2019
1995,7,13,2020
1995,7,14,2021
1995,7,15,2022
1995,7,16,2023
1995,7,17,2024
1995,7,18,2025
1995,7,19,2026
1995,7,20,2027
1995,7,21,2028
1995,7,22,2029
1995,7,23,2030
1995,7,24,2031
1995,7,25,2032
1995,7,26,2033
1995,7,27,2034
1995,7,28,2035
1995,7,29,2036
1995,7,30,2037
1995,7,31,2038
1995,8,1,2039
1995,8,2,2040
1995,8,3,2041
1995,8,4,2042
1995,8,5,2043
1995,8,6,2044
1995,8,7,2045
1995,8,8,2046
1995,8,9,2047
1995,8,10,2048
1995,8,11,2049
1995,8,12,2050
1995,8,13,2051
1995,8,14,2052
1995,8,15,2053
1995,8,16,2054
1995,8,17,2055
1995,8,18,2056
1995,8,19,2057
1995,8,20,2058
1995,8,21,2059
1995,8,22,2060
1995,8,23,2061
1995,8,24,2062
1995,8,25,2063
1995,8,26,2064
1995,8,27,2065
1995,8,28,2066
1995,8,29,2067
1995,8,30,2068
1995,8,31,2069
1995,9,1,2070
1995,9,2,2071
1995,9,3,2072
1995,9,4,2073
1995,9,5,2074
1995,9,6,2075
1995,9,7,2076
1995,9,8,2077
1995,9,9,2078
1995,9,10,2079
1995,9,11,2080
1995,9,12,2081
1995,9,13,2082
1995,9,14,2083
1995,9,15,2084
1995,9,16,2085
1995,9,17,2086
1995,9,18,2087
1995,9,19,2088
1995,9,20,2089
1995,9,21,2090
1995,9,22,2091
1995,9,23,2092
1995,9,24,2093
1995,9,25,2094
1995,9,26,2095
1995,9,27,2096
1995,9,28,2097
1995,9,29,2098
1995,9,30,2099
1995,10,1,2100
1995,10,2,2101
1995,10,3,2102
1995,10,4,2103
1995,10,5,2104
1995,10,6,2105
1995,10,7,2106
1995,10,8,2107
1995,10,9,2108
1995,10,10,2109
1995,10,11,2110
1995,10,12,2111
1995,10,13,2112
1995,10,14,2113
1995,10,15,2114
1995,10,16,2115
1995,10,17,2116
1995,10,18,2117
1995,10,19,2118
1995,10,20,2119
1995,10,21,2120
1995,10,22,2121
1995,10,23,2122
1995,10,24,2123
1995,10,25,2124
1995,10,26,2125
1995,10,27,2126
1995,10,28,2127
1995,10,29,2128
1995,10,30,2129
1995,10,31,2130
1995,11,1,2131
1995,11,2,2132
1995,11,3,2133
1995,11,4,2134
1995,11,5,2135
1995,11,6,2136
1995,11,7,2137
1995,11,8,2138
1995,11,9,2139
1995,11,10,2140
1995,11,11,2141
1995,11,12,2142
1995,11,13,2143
1995,11,14,2144
1995,11,15,2145
1995,11,16,2146
1995,11,17,2147
1995,11,18,2148
1995,11,19,2149
1995,11,20,2150
1995,11,21,2151
1995,11,22,2152
1995,11,23,2153
1995,11,24,2154
1995,11,25,2155
1995,11,26,2156
1995,11,27,2157
1995,11,28,2158
1995,11,29,2159
1995,11,30,2160
1995,12,1,2161
1995,12,2,2162
1995,12,3,2163
1995,12,4,2164
1995,12,5,2165
1995,12,6,2166
1995,12,7,2167
1995,12,8,2168
1995,12,9,2169
1995,12,10,2170
1995,12,11,2171
1995,12,12,2172
1995,12,13,2173
1995,12,14,2174
1995,12,15,2175
1995,12,16,2176
1995,12,17,2177
1995,12,18,2178
1995,12,19,2179
1995,12,20,2180
1995,12,21,2181
1995,12,22,2182
1995,12,23,2183
1995,12,24,2184
1995,12,25,2185
1995,12,26,2186
1995,12,27,2187
1995,12,28,2188
1995,12,29,2189
1995,12,30,2190
1995,12,31,2191
1996,1,1,2192
1996,1,2,2193
1996,1,3,2194
1996,1,4,2195
1996,1,5,2196
1996,1,6,2197
1996,1,7,2198
1996,1,8,2199
1996,1,9,2200
1996,1,10,2201
1996,1,11,2202
1996,1,12,2203
1996,1,13,2204
1996,1,14,2205
1996,1,15,2206
1996,1,16,2207
1996,1,17,2208
1996,1,18,2209
1996,1,19,2210
1996,1,20,2211
1996,1,21,2212
1996,1,22,2213
1996,1,23,2214
1996,1,24,2215
1996,1,25,2216
1996,1,26,2217
1996,1,27,2218
1996,1,28,2219
1996,1,29,2220
1996,1,30,2221
1996,1,31,2222
1996,2,1,2223
1996,2,2,2224
1996,2,3,2225
1996,2,4,2226
1996,2,5,2227
1996,2,6,2228
1996,2,7,2229
1996,2,8,2230
1996,2,9,2231
1996,2,10,2232
1996,2,11,2233
1996,2,12,2234
1996,2,13,2235
1996,2,14,2236
1996,2,15,2237
1996,2,16,2238
1996,2,17,2239
1996,2,18,2240
1996,2,19,2241
1996,2,20,2242
1996,2,21,2243
1996,2,22,2244
1996,2,23,2245
1996,2,24,2246
1996,2,25,2247
1996,2,26,2248
1996,2,27,2249
1996,2,28,2250
1996,2,29,2251
1996,3,1,2252
1996,3,2,2253
1996,3,3,2254
1996,3,4,2255
1996,3,5,2256
1996,3,6,2257
1996,3,7,2258
1996,3,8,2259
1996,3,9,2260
1996,3,10,2261
1996,3,11,2262
1996,3,12,2263
1996,3,13,2264
1996,3,14,2265
1996,3,15,2266
1996,3,16,2267
1996,3,17,2268
1996,3,18,2269
1996,3,19,2270
1996,3,20,2271
1996,3,21,2272
1996,3,22,2273
1996,3,23,2274
1996,3,24,2275
1996,3,25,2276
1996,3,26,2277
1996,3,27,2278
1996,3,28,2279
1996,3,29,2280
1996,3,30,2281
1996,3,31,2282
1996,4,1,2283
1996,4,2,2284
1996,4,3,2285
1996,4,4,2286
1996,4,5,2287
1996,4,6,2288
1996,4,7,2289
1996,4,8,2290
1996,4,9,2291
1996,4,10,2292
1996,4,11,2293
1996,4,12,2294
1996,4,13,2295
1996,4,14,2296
1996,4,15,2297
1996,4,16,2298
1996,4,17,2299
1996,4,18,2300
1996,4,19,2301
1996,4,20,2302
1996,4,21,2303
1996,4,22,2304
1996,4,23,2305
1996,4,24,2306
1996,4,25,2307
1996,4,26,2308
1996,4,27,2309
1996,4,28,2310
1996,4,29,2311
1996,4,30,2312
1996,5,1,2313
1996,5,2,2314
1996,5,3,2315
1996,5,4,2316
1996,5,5,2317
1996,5,6,2318
1996,5,7,2319
1996,5,8,2320
1996,5,9,2321
1996,5,10,2322
1996,5,11,2323
1996,5,12,2324
1996,5,13,2325
1996,5,14,2326
1996,5,15,2327
1996,5,16,2328
1996,5,17,2329
1996,5,18,2330
1996,5,19,2331
1996,5,20,2332
1996,5,21,2333
1996,5,22,2334
1996,5,23,2335
1996,5,24,2336
1996,5,25,2337
1996,5,26,2338
1996,5,27,2339
1996,5,28,2340
1996,5,29,2341
1996,5,30,2342
1996,5,31,2343
1996,6,1,2344
1996,6,2,2345
1996,6,3,2346
1996,6,4,2347
1996,6,5,2348
1996,6,6,2349
1996,6,7,2350
1996,6,8,2351
1996,6,9,2352
1996,6,10,2353
1996,6,11,2354
1996,6,12,2355
1996,6,13,2356
1996,6,14,2357
1996,6,15,2358
1996,6,16,2359
1996,6,17,2360
1996,6,18,2361
1996,6,19,2362
1996,6,20,2363
1996,6,21,2364
1996,6,22,2365
1996,6,23,2366
1996,6,24,2367
1996,6,25,2368
1996,6,26,2369
1996,6,27,2370
1996,6,28,2371
1996,6,29,2372
1996,6,30,2373
1996,7,1,2374
1996,7,2,2375
1996,7,3,2376
1996,7,4,2377
1996,7,5,2378
1996,7,6,2379
1996,7,7,2380
1996,7,8,2381
1996,7,9,2382
1996,7,10,2383
1996,7,11,2384
1996,7,12,2385
1996,7,13,2386
1996,7,14,2387
1996,7,15,2388
1996,7,16,2389
1996,7,17,2390
1996,7,18,2391
1996,7,19,2392
1996,7,20,2393
1996,7,21,2394
1996,7,22,2395
1996,7,23,2396
1996,7,24,2397
1996,7,25,2398
1996,7,26,2399
1996,7,27,2400
1996,7,28,2401
1996,7,29,2402
1996,7,30,2403
1996,7,31,2404
1996,8,1,2405
1996,8,2,2406
1996,8,3,2407
1996,8,4,2408
1996,8,5,2409
1996,8,6,2410
1996,8,7,2411
1996,8,8,2412
1996,8,9,2413
1996,8,10,2414
1996,8,11,2415
1996,8,12,2416
1996,8,13,2417
1996,8,14,2418
1996,8,15,2419
1996,8,16,2420
1996,8,17,2421
1996,8,18,2422
1996,8,19,2423
1996,8,20,2424
1996,8,21,2425
1996,8,22,2426
1996,8,23,2427
1996,8,24,2428
1996,8,25,2429
1996,8,26,2430
1996,8,27,2431
1996,8,28,2432
1996,8,29,2433
1996,8,30,2434
1996,8,31,2435
1996,9,1,2436
1996,9,2,2437
1996,9,3,2438
1996,9,4,2439
1996,9,5,2440
1996,9,6,2441
1996,9,7,2442
1996,9,8,2443
1996,9,9,2444
1996,9,10,2445
1996,9,11,2446
1996,9,12,2447
1996,9,13,2448
1996,9,14,2449
1996,9,15,2450
1996,9,16,2451
1996,9,17,2452
1996,9,18,2453
1996,9,19,2454
1996,9,20,2455
1996,9,21,2456
1996,9,22,2457
1996,9,23,2458
1996,9,24,2459
1996,9,25,2460
1996,9,26,2461
1996,9,27,2462
1996,9,28,2463
1996,9,29,2464
1996,9,30,2465
1996,10,1,2466
1996,10,2,2467
1996,10,3,2468
1996,10,4,2469
1996,10,5,2470
1996,10,6,2471
1996,10,7,2472
1996,10,8,2473
1996,10,9,2474
1996,10,10,2475
1996,10,11,2476
1996,10,12,2477
1996,10,13,2478
1996,10,14,2479
1996,10,15,2480
1996,10,16,2481
1996,10,17,2482
1996,10,18,2483
1996,10,19,2484
1996,10,20,2485
1996,10,21,2486
1996,10,22,2487
1996,10,23,2488
1996,10,24,2489
1996,10,25,2490
1996,10,26,2491
1996,10,27,2492
1996,10,28,2493
1996,10,29,2494
1996,10,30,2495
1996,10,31,2496
1996,11,1,2497
1996,11,2,2498
1996,11,3,2499
1996,11,4,2500
1996,11,5,2501
1996,11,6,2502
1996,11,7,2503
1996,11,8,2504
1996,11,9,2505
1996,11,10,2506
1996,11,11,2507
1996,11,12,2508
1996,11,13,2509
1996,11,14,2510
1996,11,15,2511
1996,11,16,2512
1996,11,17,2513
1996,11,18,2514
1996,11,19,2515
1996,11,20,2516
1996,11,21,2517
1996,11,22,2518
1996,11,23,2519
1996,11,24,2520
1996,11,25,2521
1996,11,26,2522
1996,11,27,2523
1996,11,28,2524
1996,11,29,2525
1996,11,30,2526
1996,12,1,2527
1996,12,2,2528
1996,12,3,2529
1996,12,4,2530
1996,12,5,2531
1996,12,6,2532
1996,12,7,2533
1996,12,8,2534
1996,12,9,2535
1996,12,10,2536
1996,12,11,2537
1996,12,12,2538
1996,12,13,2539
1996,12,14,2540
1996,12,15,2541
1996,12,16,2542
1996,12,17,2543
1996,12,18,2544
1996,12,19,2545
1996,12,20,2546
1996,12,21,2547
1996,12,22,2548
1996,12,23,2549
1996,12,24,2550
1996,12,25,2551
1996,12,26,2552
1996,12,27,2553
1996,12,28,2554
1996,12,29,2555
1996,12,30,2556
1996,12,31,2557
1997,1,1,2558
1997,1,2,2559
1997,1,3,2560
1997,1,4,2561
1997,1,5,2562
1997,1,6,2563
1997,1,7,2564
1997,1,8,2565
1997,1,9,2566
1997,1,10,2567
1997,1,11,2568
1997,1,12,2569
1997,1,13,2570
1997,1,14,2571
1997,1,15,2572
1997,1,16,2573
1997,1,17,2574
1997,1,18,2575
1997,1,19,2576
1997,1,20,2577
1997,1,21,2578
1997,1,22,2579
1997,1,23,2580
1997,1,24,2581
1997,1,25,2582
1997,1,26,2583
1997,1,27,2584
1997,1,28,2585
1997,1,29,2586
1997,1,30,2587
1997,1,31,2588
1997,2,1,2589
1997,2,2,2590
1997,2,3,2591
1997,2,4,2592
1997,2,5,2593
1997,2,6,2594
1997,2,7,2595
1997,2,8,2596
1997,2,9,2597
1997,2,10,2598
1997,2,11,2599
1997,2,12,2600
1997,2,13,2601
1997,2,14,2602
1997,2,15,2603
1997,2,16,2604
1997,2,17,2605
1997,2,18,2606
1997,2,19,2607
1997,2,20,2608
1997,2,21,2609
1997,2,22,2610
1997,2,23,2611
1997,2,24,2612
1997,2,25,2613
1997,2,26,2614
1997,2,27,2615
1997,2,28,2616
1997,3,1,2617
1997,3,2,2618
1997,3,3,2619
1997,3,4,2620
1997,3,5,2621
1997,3,6,2622
1997,3,7,2623
1997,3,8,2624
1997,3,9,2625
1997,3,10,2626
1997,3,11,2627
1997,3,12,2628
1997,3,13,2629
1997,3,14,2630
1997,3,15,2631
1997,3,16,2632
1997,3,17,2633
1997,3,18,2634
1997,3,19,2635
1997,3,20,2636
1997,3,21,2637
1997,3,22,2638
1997,3,23,2639
1997,3,24,2640
1997,3,25,2641
1997,3,26,2642
1997,3,27,2643
1997,3,28,2644
1997,3,29,2645
1997,3,30,2646
1997,3,31,2647
1997,4,1,2648
1997,4,2,2649
1997,4,3,2650
1997,4,4,2651
1997,4,5,2652
1997,4,6,2653
1997,4,7,2654
1997,4,8,2655
1997,4,9,2656
1997,4,10,2657
1997,4,11,2658
1997,4,12,2659
1997,4,13,2660
1997,4,14,2661
1997,4,15,2662
1997,4,16,2663
1997,4,17,2664
1997,4,18,2665
1997,4,19,2666
1997,4,20,2667
1997,4,21,2668
1997,4,22,2669
1997,4,23,2670
1997,4,24,2671
1997,4,25,2672
1997,4,26,2673
1997,4,27,2674
1997,4,28,2675
1997,4,29,2676
1997,4,30,2677
1997,5,1,2678
1997,5,2,2679
1997,5,3,2680
1997,5,4,2681
1997,5,5,2682
1997,5,6,2683
1997,5,7,2684
1997,5,8,2685
1997,5,9,2686
1997,5,10,2687
1997,5,11,2688
1997,5,12,2689
1997,5,13,2690
1997,5,14,2691
1997,5,15,2692
1997,5,16,2693
1997,5,17,2694
1997,5,18,2695
1997,5,19,2696
1997,5,20,2697
1997,5,21,2698
1997,5,22,2699
1997,5,23,2700
1997,5,24,2701
1997,5,25,2702
1997,5,26,2703
1997,5,27,2704
1997,5,28,2705
1997,5,29,2706
1997,5,30,2707
1997,5,31,2708
1997,6,1,2709
1997,6,2,2710
1997,6,3,2711
1997,6,4,2712
1997,6,5,2713
1997,6,6,2714
1997,6,7,2715
1997,6,8,2716
1997,6,9,2717
1997,6,10,2718
1997,6,11,2719
1997,6,12,2720
1997,6,13,2721
1997,6,14,2722
1997,6,15,2723
1997,6,16,2724
1997,6,17,2725
1997,6,18,2726
1997,6,19,2727
1997,6,20,2728
1997,6,21,2729
1997,6,22,2730
1997,6,23,2731
1997,6,24,2732
1997,6,25,2733
1997,6,26,2734
1997,6,27,2735
1997,6,28,2736
1997,6,29,2737
1997,6,30,2738
1997,7,1,2739
1997,7,2,2740
1997,7,3,2741
1997,7,4,2742
1997,7,5,2743
1997,7,6,2744
1997,7,7,2745
1997,7,8,2746
1997,7,9,2747
1997,7,10,2748
1997,7,11,2749
1997,7,12,2750
1997,7,13,2751
1997,7,14,2752
1997,7,15,2753
1997,7,16,2754
1997,7,17,2755
1997,7,18,2756
1997,7,19,2757
1997,7,20,2758
1997,7,21,2759
1997,7,22,2760
1997,7,23,2761
1997,7,24,2762
1997,7,25,2763
1997,7,26,2764
1997,7,27,2765
1997,7,28,2766
1997,7,29,2767
1997,7,30,2768
1997,7,31,2769
1997,8,1,2770
1997,8,2,2771
1997,8,3,2772
1997,8,4,2773
1997,8,5,2774
1997,8,6,2775
1997,8,7,2776
1997,8,8,2777
1997,8,9,2778
1997,8,10,2779
1997,8,11,2780
1997,8,12,2781
1997,8,13,2782
1997,8,14,2783
1997,8,15,2784
1997,8,16,2785
1997,8,17,2786
1997,8,18,2787
1997,8,19,2788
1997,8,20,2789
1997,8,21,2790
1997,8,22,2791
1997,8,23,2792
1997,8,24,2793
1997,8,25,2794
1997,8,26,2795
1997,8,27,2796
1997,8,28,2797
1997,8,29,2798
1997,8,30,2799
1997,8,31,2800
1997,9,1,2801
1997,9,2,2802
1997,9,3,2803
1997,9,4,2804
1997,9,5,2805
1997,9,6,2806
1997,9,7,2807
1997,9,8,2808
1997,9,9,2809
1997,9,10,2810
1997,9,11,2811
1997,9,12,2812
1997,9,13,2813
1997,9,14,2814
1997,9,15,2815
1997,9,16,2816
1997,9,17,2817
1997,9,18,2818
1997,9,19,2819
1997,9,20,2820
1997,9,21,2821
1997,9,22,2822
1997,9,23,2823
1997,9,24,2824
1997,9,25,2825
1997,9,26,2826
1997,9,27,2827
1997,9,28,2828
1997,9,29,2829
1997,9,30,2830
1997,10,1,2831
1997,10,2,2832
1997,10,3,2833
1997,10,4,2834
1997,10,5,2835
1997,10,6,2836
1997,10,7,2837
1997,10,8,2838
1997,10,9,2839
1997,10,10,2840
1997,10,11,2841
1997,10,12,2842
1997,10,13,2843
1997,10,14,2844
1997,10,15,2845
1997,10,16,2846
1997,10,17,2847
1997,10,18,2848
1997,10,19,2849
1997,10,20,2850
1997,10,21,2851
1997,10,22,2852
1997,10,23,2853
1997,10,24,2854
1997,10,25,2855
1997,10,26,2856
1997,10,27,2857
1997,10,28,2858
1997,10,29,2859
1997,10,30,2860
1997,10,31,2861
1997,11,1,2862
1997,11,2,2863
1997,11,3,2864
1997,11,4,2865
1997,11,5,2866
1997,11,6,2867
1997,11,7,2868
1997,11,8,2869
1997,11,9,2870
1997,11,10,2871
1997,11,11,2872
1997,11,12,2873
1997,11,13,2874
1997,11,14,2875
1997,11,15,2876
1997,11,16,2877
1997,11,17,2878
1997,11,18,2879
1997,11,19,2880
1997,11,20,2881
1997,11,21,2882
1997,11,22,2883
1997,11,23,2884
1997,11,24,2885
1997,11,25,2886
1997,11,26,2887
1997,11,27,2888
1997,11,28,2889
1997,11,29,2890
1997,11,30,2891
1997,12,1,2892
1997,12,2,2893
1997,12,3,2894
1997,12,4,2895
1997,12,5,2896
1997,12,6,2897
1997,12,7,2898
1997,12,8,2899
1997,12,9,2900
1997,12,10,2901
1997,12,11,2902
1997,12,12,2903
1997,12,13,2904
1997,12,14,2905
1997,12,15,2906
1997,12,16,2907
1997,12,17,2908
1997,12,18,2909
1997,12,19,2910
1997,12,20,2911
1997,12,21,2912
1997,12,22,2913
1997,12,23,2914
1997,12,24,2915
1997,12,25,2916
1997,12,26,2917
1997,12,27,2918
1997,12,28,2919
1997,12,29,2920
1997,12,30,2921
1997,12,31,2922
1998,1,1,2923
1998,1,2,2924
1998,1,3,2925
1998,1,4,2926
1998,1,5,2927
1998,1,6,2928
1998,1,7,2929
1998,1,8,2930
1998,1,9,2931
1998,1,10,2932
1998,1,11,2933
1998,1,12,2934
1998,1,13,2935
1998,1,14,2936
1998,1,15,2937
1998,1,16,2938
1998,1,17,2939
1998,1,18,2940
1998,1,19,2941
1998,1,20,2942
1998,1,21,2943
1998,1,22,2944
1998,1,23,2945
1998,1,24,2946
1998,1,25,2947
1998,1,26,2948
1998,1,27,2949
1998,1,28,2950
1998,1,29,2951
1998,1,30,2952
1998,1,31,2953
1998,2,1,2954
1998,2,2,2955
1998,2,3,2956
1998,2,4,2957
1998,2,5,2958
1998,2,6,2959
1998,2,7,2960
1998,2,8,2961
1998,2,9,2962
1998,2,10,2963
1998,2,11,2964
1998,2,12,2965
1998,2,13,2966
1998,2,14,2967
1998,2,15,2968
1998,2,16,2969
1998,2,17,2970
1998,2,18,2971
1998,2,19,2972
1998,2,20,2973
1998,2,21,2974
1998,2,22,2975
1998,2,23,2976
1998,2,24,2977
1998,2,25,2978
1998,2,26,2979
1998,2,27,2980
1998,2,28,2981
1998,3,1,2982
1998,3,2,2983
1998,3,3,2984
1998,3,4,2985
1998,3,5,2986
1998,3,6,2987
1998,3,7,2988
1998,3,8,2989
1998,3,9,2990
1998,3,10,2991
1998,3,11,2992
1998,3,12,2993
1998,3,13,2994
1998,3,14,2995
1998,3,15,2996
1998,3,16,2997
1998,3,17,2998
1998,3,18,2999
1998,3,19,3000
1998,3,20,3001
1998,3,21,3002
1998,3,22,3003
1998,3,23,3004
1998,3,24,3005
1998,3,25,3006
1998,3,26,3007
1998,3,27,3008
1998,3,28,3009
1998,3,29,3010
1998,3,30,3011
1998,3,31,3012
1998,4,1,3013
1998,4,2,3014
1998,4,3,3015
1998,4,4,3016
1998,4,5,3017
1998,4,6,3018
1998,4,7,3019
1998,4,8,3020
1998,4,9,3021
1998,4,10,3022
1998,4,11,3023
1998,4,12,3024
1998,4,13,3025
1998,4,14,3026
1998,4,15,3027
1998,4,16,3028
1998,4,17,3029
1998,4,18,3030
1998,4,19,3031
1998,4,20,3032
1998,4,21,3033
1998,4,22,3034
1998,4,23,3035
1998,4,24,3036
1998,4,25,3037
1998,4,26,3038
1998,4,27,3039
1998,4,28,3040
1998,4,29,3041
1998,4,30,3042
1998,5,1,3043
1998,5,2,3044
1998,5,3,3045
1998,5,4,3046
1998,5,5,3047
1998,5,6,3048
1998,5,7,3049
1998,5,8,3050
1998,5,9,3051
1998,5,10,3052
1998,5,11,3053
1998,5,12,3054
1998,5,13,3055
1998,5,14,3056
1998,5,15,3057
1998,5,16,3058
1998,5,17,3059
1998,5,18,3060
1998,5,19,3061
1998,5,20,3062
1998,5,21,3063
1998,5,22,3064
1998,5,23,3065
1998,5,24,3066
1998,5,25,3067
1998,5,26,3068
1998,5,27,3069
1998,5,28,3070
1998,5,29,3071
1998,5,30,3072
1998,5,31,3073
1998,6,1,3074
1998,6,2,3075
1998,6,3,3076
1998,6,4,3077
1998,6,5,3078
1998,6,6,3079
1998,6,7,3080
1998,6,8,3081
1998,6,9,3082
1998,6,10,3083
1998,6,11,3084
1998,6,12,3085
1998,6,13,3086
1998,6,14,3087
1998,6,15,3088
1998,6,16,3089
1998,6,17,3090
1998,6,18,3091
1998,6,19,3092
1998,6,20,3093
1998,6,21,3094
1998,6,22,3095
1998,6,23,3096
1998,6,24,3097
1998,6,25,3098
1998,6,26,3099
1998,6,27,3100
1998,6,28,3101
1998,6,29,3102
1998,6,30,3103
1998,7,1,3104
1998,7,2,3105
1998,7,3,3106
1998,7,4,3107
1998,7,5,3108
1998,7,6,3109
1998,7,7,3110
1998,7,8,3111
1998,7,9,3112
1998,7,10,3113
1998,7,11,3114
1998,7,12,3115
1998,7,13,3116
1998,7,14,3117
1998,7,15,3118
1998,7,16,3119
1998,7,17,3120
1998,7,18,3121
1998,7,19,3122
1998,7,20,3123
1998,7,21,3124
1998,7,22,3125
1998,7,23,3126
1998,7,24,3127
1998,7,25,3128
1998,7,26,3129
1998,7,27,3130
1998,7,28,3131
1998,7,29,3132
1998,7,30,3133
1998,7,31,3134
1998,8,1,3135
1998,8,2,3136
1998,8,3,3137
1998,8,4,3138
1998,8,5,3139
1998,8,6,3140
1998,8,7,3141
1998,8,8,3142
1998,8,9,3143
1998,8,10,3144
1998,8,11,3145
1998,8,12,3146
1998,8,13,3147
1998,8,14,3148
1998,8,15,3149
1998,8,16,3150
1998,8,17,3151
1998,8,18,3152
1998,8,19,3153
1998,8,20,3154
1998,8,21,3155
1998,8,22,3156
1998,8,23,3157
1998,8,24,3158
1998,8,25,3159
1998,8,26,3160
1998,8,27,3161
1998,8,28,3162
1998,8,29,3163
1998,8,30,3164
1998,8,31,3165
1998,9,1,3166
1998,9,2,3167
1998,9,3,3168
1998,9,4,3169
1998,9,5,3170
1998,9,6,3171
1998,9,7,3172
1998,9,8,3173
1998,9,9,3174
1998,9,10,3175
1998,9,11,3176
1998,9,12,3177
1998,9,13,3178
1998,9,14,3179
1998,9,15,3180
1998,9,16,3181
1998,9,17,3182
1998,9,18,3183
1998,9,19,3184
1998,9,20,3185
1998,9,21,3186
1998,9,22,3187
1998,9,23,3188
1998,9,24,3189
1998,9,25,3190
1998,9,26,3191
1998,9,27,3192
1998,9,28,3193
1998,9,29,3194
1998,9,30,3195
1998,10,1,3196
1998,10,2,3197
1998,10,3,3198
1998,10,4,3199
1998,10,5,3200
1998,10,6,3201
1998,10,7,3202
1998,10,8,3203
1998,10,9,3204
1998,10,10,3205
1998,10,11,3206
1998,10,12,3207
1998,10,13,3208
1998,10,14,3209
1998,10,15,3210
1998,10,16,3211
1998,10,17,3212
1998,10,18,3213
1998,10,19,3214
1998,10,20,3215
1998,10,21,3216
1998,10,22,3217
1998,10,23,3218
1998,10,24,3219
1998,10,25,3220
1998,10,26,3221
1998,10,27,3222
1998,10,28,3223
1998,10,29,3224
1998,10,30,3225
1998,10,31,3226
1998,11,1,3227
1998,11,2,3228
1998,11,3,3229
1998,11,4,3230
1998,11,5,3231
1998,11,6,3232
1998,11,7,3233
1998,11,8,3234
1998,11,9,3235
1998,11,10,3236
1998,11,11,3237
1998,11,12,3238
1998,11,13,3239
1998,11,14,3240
1998,11,15,3241
1998,11,16,3242
1998,11,17,3243
1998,11,18,3244
1998,11,19,3245
1998,11,20,3246
1998,11,21,3247
1998,11,22,3248
1998,11,23,3249
1998,11,24,3250
1998,11,25,3251
1998,11,26,3252
1998,11,27,3253
1998,11,28,3254
1998,11,29,3255
1998,11,30,3256
1998,12,1,3257
1998,12,2,3258
1998,12,3,3259
1998,12,4,3260
1998,12,5,3261
1998,12,6,3262
1998,12,7,3263
1998,12,8,3264
1998,12,9,3265
1998,12,10,3266
1998,12,11,3267
1998,12,12,3268
1998,12,13,3269
1998,12,14,3270
1998,12,15,3271
1998,12,16,3272
1998,12,17,3273
1998,12,18,3274
1998,12,19,3275
1998,12,20,3276
1998,12,21,3277
1998,12,22,3278
1998,12,23,3279
1998,12,24,3280
1998,12,25,3281
1998,12,26,3282
1998,12,27,3283
1998,12,28,3284
1998,12,29,3285
1998,12,30,3286
1998,12,31,3287
1999,1,1,3288
1999,1,2,3289
1999,1,3,3290
1999,1,4,3291
1999,1,5,3292
1999,1,6,3293
1999,1,7,3294
1999,1,8,3295
1999,1,9,3296
1999,1,10,3297
1999,1,11,3298
1999,1,12,3299
1999,1,13,3300
1999,1,14,3301
1999,1,15,3302
1999,1,16,3303
1999,1,17,3304
1999,1,18,3305
1999,1,19,3306
1999,1,20,3307
1999,1,21,3308
1999,1,22,3309
1999,1,23,3310
1999,1,24,3311
1999,1,25,3312
1999,1,26,3313
1999,1,27,3314
1999,1,28,3315
1999,1,29,3316
1999,1,30,3317
1999,1,31,3318
1999,2,1,3319
1999,2,2,3320
1999,2,3,3321
1999,2,4,3322
1999,2,5,3323
1999,2,6,3324
1999,2,7,3325
1999,2,8,3326
1999,2,9,3327
1999,2,10,3328
1999,2,11,3329
1999,2,12,3330
1999,2,13,3331
1999,2,14,3332
1999,2,15,3333
1999,2,16,3334
1999,2,17,3335
1999,2,18,3336
1999,2,19,3337
1999,2,20,3338
1999,2,21,3339
1999,2,22,3340
1999,2,23,3341
1999,2,24,3342
1999,2,25,3343
1999,2,26,3344
1999,2,27,3345
1999,2,28,3346
1999,3,1,3347
1999,3,2,3348
1999,3,3,3349
1999,3,4,3350
1999,3,5,3351
1999,3,6,3352
1999,3,7,3353
1999,3,8,3354
1999,3,9,3355
1999,3,10,3356
1999,3,11,3357
1999,3,12,3358
1999,3,13,3359
1999,3,14,3360
1999,3,15,3361
1999,3,16,3362
1999,3,17,3363
1999,3,18,3364
1999,3,19,3365
1999,3,20,3366
1999,3,21,3367
1999,3,22,3368
1999,3,23,3369
1999,3,24,3370
1999,3,25,3371
1999,3,26,3372
1999,3,27,3373
1999,3,28,3374
1999,3,29,3375
1999,3,30,3376
1999,3,31,3377
1999,4,1,3378
1999,4,2,3379
1999,4,3,3380
1999,4,4,3381
1999,4,5,3382
1999,4,6,3383
1999,4,7,3384
1999,4,8,3385
1999,4,9,3386
1999,4,10,3387
1999,4,11,3388
1999,4,12,3389
1999,4,13,3390
1999,4,14,3391
1999,4,15,3392
1999,4,16,3393
1999,4,17,3394
1999,4,18,3395
1999,4,19,3396
1999,4,20,3397
1999,4,21,3398
1999,4,22,3399
1999,4,23,3400
1999,4,24,3401
1999,4,25,3402
1999,4,26,3403
1999,4,27,3404
1999,4,28,3405
1999,4,29,3406
1999,4,30,3407
1999,5,1,3408
1999,5,2,3409
1999,5,3,3410
1999,5,4,3411
1999,5,5,3412
1999,5,6,3413
1999,5,7,3414
1999,5,8,3415
1999,5,9,3416
1999,5,10,3417
1999,5,11,3418
1999,5,12,3419
1999,5,13,3420
1999,5,14,3421
1999,5,15,3422
1999,5,16,3423
1999,5,17,3424
1999,5,18,3425
1999,5,19,3426
1999,5,20,3427
1999,5,21,3428
1999,5,22,3429
1999,5,23,3430
1999,5,24,3431
1999,5,25,3432
1999,5,26,3433
1999,5,27,3434
1999,5,28,3435
1999,5,29,3436
1999,5,30,3437
1999,5,31,3438
1999,6,1,3439
1999,6,2,3440
1999,6,3,3441
1999,6,4,3442
1999,6,5,3443
1999,6,6,3444
1999,6,7,3445
1999,6,8,3446
1999,6,9,3447
1999,6,10,3448
1999,6,11,3449
1999,6,12,3450
1999,6,13,3451
1999,6,14,3452
1999,6,15,3453
1999,6,16,3454
1999,6,17,3455
1999,6,18,3456
1999,6,19,3457
1999,6,20,3458
1999,6,21,3459
1999,6,22,3460
1999,6,23,3461
1999,6,24,3462
1999,6,25,3463
1999,6,26,3464
1999,6,27,3465
1999,6,28,3466
1999,6,29,3467
1999,6,30,3468
1999,7,1,3469
1999,7,2,3470
1999,7,3,3471
1999,7,4,3472
1999,7,5,3473
1999,7,6,3474
1999,7,7,3475
1999,7,8,3476
1999,7,9,3477
1999,7,10,3478
1999,7,11,3479
1999,7,12,3480
1999,7,13,3481
1999,7,14,3482
1999,7,15,3483
1999,7,16,3484
1999,7,17,3485
1999,7,18,3486
1999,7,19,3487
1999,7,20,3488
1999,7,21,3489
1999,7,22,3490
1999,7,23,3491
1999,7,24,3492
1999,7,25,3493
1999,7,26,3494
1999,7,27,3495
1999,7,28,3496
1999,7,29,3497
1999,7,30,3498
1999,7,31,3499
1999,8,1,3500
1999,8,2,3501
1999,8,3,3502
1999,8,4,3503
1999,8,5,3504
1999,8,6,3505
1999,8,7,3506
1999,8,8,3507
1999,8,9,3508
1999,8,10,3509
1999,8,11,3510
1999,8,12,3511
1999,8,13,3512
1999,8,14,3513
1999,8,15,3514
1999,8,16,3515
1999,8,17,3516
1999,8,18,3517
1999,8,19,3518
1999,8,20,3519
1999,8,21,3520
1999,8,22,3521
1999,8,23,3522
1999,8,24,3523
1999,8,25,3524
1999,8,26,3525
1999,8,27,3526
1999,8,28,3527
1999,8,29,3528
1999,8,30,3529
1999,8,31,3530
1999,9,1,3531
1999,9,2,3532
1999,9,3,3533
1999,9,4,3534
1999,9,5,3535
1999,9,6,3536
1999,9,7,3537
1999,9,8,3538
1999,9,9,3539
1999,9,10,3540
1999,9,11,3541
1999,9,12,3542
1999,9,13,3543
1999,9,14,3544
1999,9,15,3545
1999,9,16,3546
1999,9,17,3547
1999,9,18,3548
1999,9,19,3549
1999,9,20,3550
1999,9,21,3551
1999,9,22,3552
1999,9,23,3553
1999,9,24,3554
1999,9,25,3555
1999,9,26,3556
1999,9,27,3557
1999,9,28,3558
1999,9,29,3559
1999,9,30,3560
1999,10,1,3561
1999,10,2,3562
1999,10,3,3563
1999,10,4,3564
1999,10,5,3565
1999,10,6,3566
1999,10,7,3567
1999,10,8,3568
1999,10,9,3569
1999,10,10,3570
1999,10,11,3571
1999,10,12,3572
1999,10,13,3573
1999,10,14,3574
1999,10,15,3575
1999,10,16,3576
1999,10,17,3577
1999,10,18,3578
1999,10,19,3579
1999,10,20,3580
1999,10,21,3581
1999,10,22,3582
1999,10,23,3583
1999,10,24,3584
1999,10,25,3585
1999,10,26,3586
1999,10,27,3587
1999,10,28,3588
1999,10,29,3589
1999,10,30,3590
1999,10,31,3591
1999,11,1,3592
1999,11,2,3593
1999,11,3,3594
1999,11,4,3595
1999,11,5,3596
1999,11,6,3597
1999,11,7,3598
1999,11,8,3599
1999,11,9,3600
1999,11,10,3601
1999,11,11,3602
1999,11,12,3603
1999,11,13,3604
1999,11,14,3605
1999,11,15,3606
1999,11,16,3607
1999,11,17,3608
1999,11,18,3609
1999,11,19,3610
1999,11,20,3611
1999,11,21,3612
1999,11,22,3613
1999,11,23,3614
1999,11,24,3615
1999,11,25,3616
1999,11,26,3617
1999,11,27,3618
1999,11,28,3619
1999,11,29,3620
1999,11,30,3621
1999,12,1,3622
1999,12,2,3623
1999,12,3,3624
1999,12,4,3625
1999,12,5,3626
1999,12,6,3627
1999,12,7,3628
1999,12,8,3629
1999,12,9,3630
1999,12,10,3631
1999,12,11,3632
1999,12,12,3633
1999,12,13,3634
1999,12,14,3635
1999,12,15,3636
1999,12,16,3637
1999,12,17,3638
1999,12,18,3639
1999,12,19,3640
1999,12,20,3641
1999,12,21,3642
1999,12,22,3643
1999,12,23,3644
1999,12,24,3645
1999,12,25,3646
1999,12,26,3647
1999,12,27,3648
1999,12,28,3649
1999,12,29,3650
1999,12,30,3651
1999,12,31,3652
